architecture,sample_index,y_true,p_fake,y_pred,correct
SpectrogramTransformer,0,0,0.0,0,True
SpectrogramTransformer,1,0,0.0,0,True
SpectrogramTransformer,2,0,0.0,0,True
SpectrogramTransformer,3,0,0.0,0,True
SpectrogramTransformer,4,0,0.0,0,True
SpectrogramTransformer,5,0,0.0,0,True
SpectrogramTransformer,6,0,0.0,0,True
SpectrogramTransformer,7,0,0.0,0,True
SpectrogramTransformer,8,0,0.0,0,True
SpectrogramTransformer,9,0,0.0,0,True
SpectrogramTransformer,10,0,0.0,0,True
SpectrogramTransformer,11,0,0.0,0,True
SpectrogramTransformer,12,0,0.0,0,True
SpectrogramTransformer,13,0,0.0,0,True
SpectrogramTransformer,14,0,0.0,0,True
SpectrogramTransformer,15,0,0.0,0,True
SpectrogramTransformer,16,0,0.0,0,True
SpectrogramTransformer,17,0,0.0,0,True
SpectrogramTransformer,18,0,0.0,0,True
SpectrogramTransformer,19,0,0.0,0,True
SpectrogramTransformer,20,0,0.0,0,True
SpectrogramTransformer,21,0,0.0,0,True
SpectrogramTransformer,22,0,0.0,0,True
SpectrogramTransformer,23,0,0.0,0,True
SpectrogramTransformer,24,0,0.0,0,True
SpectrogramTransformer,25,0,0.0,0,True
SpectrogramTransformer,26,0,0.0,0,True
SpectrogramTransformer,27,0,0.0,0,True
SpectrogramTransformer,28,0,0.0,0,True
SpectrogramTransformer,29,0,0.0,0,True
SpectrogramTransformer,30,0,0.0,0,True
SpectrogramTransformer,31,0,0.0,0,True
SpectrogramTransformer,32,0,0.0,0,True
SpectrogramTransformer,33,0,0.0,0,True
SpectrogramTransformer,34,0,0.0,0,True
SpectrogramTransformer,35,0,0.0,0,True
SpectrogramTransformer,36,0,0.0,0,True
SpectrogramTransformer,37,0,0.0,0,True
SpectrogramTransformer,38,0,0.0,0,True
SpectrogramTransformer,39,0,0.0,0,True
SpectrogramTransformer,40,0,0.0,0,True
SpectrogramTransformer,41,0,0.0,0,True
SpectrogramTransformer,42,0,0.0,0,True
SpectrogramTransformer,43,0,9e-06,0,True
SpectrogramTransformer,44,0,0.0,0,True
SpectrogramTransformer,45,0,0.0,0,True
SpectrogramTransformer,46,0,0.0,0,True
SpectrogramTransformer,47,0,0.0,0,True
SpectrogramTransformer,48,0,0.0,0,True
SpectrogramTransformer,49,0,0.0,0,True
SpectrogramTransformer,50,0,0.0,0,True
SpectrogramTransformer,51,0,0.0,0,True
SpectrogramTransformer,52,0,0.0,0,True
SpectrogramTransformer,53,0,0.0,0,True
SpectrogramTransformer,54,0,0.0,0,True
SpectrogramTransformer,55,0,0.0,0,True
SpectrogramTransformer,56,0,0.0,0,True
SpectrogramTransformer,57,0,0.0,0,True
SpectrogramTransformer,58,0,0.0,0,True
SpectrogramTransformer,59,0,0.0,0,True
SpectrogramTransformer,60,0,0.0,0,True
SpectrogramTransformer,61,0,0.0,0,True
SpectrogramTransformer,62,0,0.0,0,True
SpectrogramTransformer,63,0,0.0,0,True
SpectrogramTransformer,64,0,0.0,0,True
SpectrogramTransformer,65,0,0.0,0,True
SpectrogramTransformer,66,0,0.0,0,True
SpectrogramTransformer,67,0,0.0,0,True
SpectrogramTransformer,68,0,0.0,0,True
SpectrogramTransformer,69,0,0.0,0,True
SpectrogramTransformer,70,0,0.0,0,True
SpectrogramTransformer,71,0,0.0,0,True
SpectrogramTransformer,72,0,0.0,0,True
SpectrogramTransformer,73,0,0.0,0,True
SpectrogramTransformer,74,0,0.0,0,True
SpectrogramTransformer,75,0,0.0,0,True
SpectrogramTransformer,76,0,0.0,0,True
SpectrogramTransformer,77,0,0.0,0,True
SpectrogramTransformer,78,0,0.0,0,True
SpectrogramTransformer,79,0,0.0,0,True
SpectrogramTransformer,80,0,0.0,0,True
SpectrogramTransformer,81,0,0.0,0,True
SpectrogramTransformer,82,0,0.0,0,True
SpectrogramTransformer,83,0,0.0,0,True
SpectrogramTransformer,84,0,0.0,0,True
SpectrogramTransformer,85,0,0.0,0,True
SpectrogramTransformer,86,0,0.0,0,True
SpectrogramTransformer,87,0,0.0,0,True
SpectrogramTransformer,88,0,0.0,0,True
SpectrogramTransformer,89,0,0.0,0,True
SpectrogramTransformer,90,0,0.0,0,True
SpectrogramTransformer,91,0,0.0,0,True
SpectrogramTransformer,92,0,0.0,0,True
SpectrogramTransformer,93,0,0.0,0,True
SpectrogramTransformer,94,0,1e-06,0,True
SpectrogramTransformer,95,0,0.0,0,True
SpectrogramTransformer,96,0,0.0,0,True
SpectrogramTransformer,97,0,0.0,0,True
SpectrogramTransformer,98,0,0.0,0,True
SpectrogramTransformer,99,0,0.0,0,True
SpectrogramTransformer,100,0,0.0,0,True
SpectrogramTransformer,101,0,0.0,0,True
SpectrogramTransformer,102,0,0.0,0,True
SpectrogramTransformer,103,0,0.0,0,True
SpectrogramTransformer,104,0,0.0,0,True
SpectrogramTransformer,105,0,0.0,0,True
SpectrogramTransformer,106,0,0.0,0,True
SpectrogramTransformer,107,0,0.0,0,True
SpectrogramTransformer,108,0,0.0,0,True
SpectrogramTransformer,109,0,0.0,0,True
SpectrogramTransformer,110,0,0.0,0,True
SpectrogramTransformer,111,0,0.0,0,True
SpectrogramTransformer,112,0,0.0,0,True
SpectrogramTransformer,113,0,0.0,0,True
SpectrogramTransformer,114,0,0.0,0,True
SpectrogramTransformer,115,0,0.0,0,True
SpectrogramTransformer,116,0,0.0,0,True
SpectrogramTransformer,117,0,0.0,0,True
SpectrogramTransformer,118,0,0.0,0,True
SpectrogramTransformer,119,0,0.0,0,True
SpectrogramTransformer,120,0,0.0,0,True
SpectrogramTransformer,121,0,0.0,0,True
SpectrogramTransformer,122,0,0.0,0,True
SpectrogramTransformer,123,0,0.0,0,True
SpectrogramTransformer,124,0,0.0,0,True
SpectrogramTransformer,125,0,0.0,0,True
SpectrogramTransformer,126,0,0.0,0,True
SpectrogramTransformer,127,0,0.0,0,True
SpectrogramTransformer,128,0,0.0,0,True
SpectrogramTransformer,129,0,0.0,0,True
SpectrogramTransformer,130,0,0.0,0,True
SpectrogramTransformer,131,0,0.0,0,True
SpectrogramTransformer,132,0,0.0,0,True
SpectrogramTransformer,133,0,0.0,0,True
SpectrogramTransformer,134,0,0.0,0,True
SpectrogramTransformer,135,0,0.0,0,True
SpectrogramTransformer,136,0,0.0,0,True
SpectrogramTransformer,137,0,0.0,0,True
SpectrogramTransformer,138,0,0.0,0,True
SpectrogramTransformer,139,0,0.0,0,True
SpectrogramTransformer,140,0,0.0,0,True
SpectrogramTransformer,141,0,0.0,0,True
SpectrogramTransformer,142,0,0.0,0,True
SpectrogramTransformer,143,0,0.0,0,True
SpectrogramTransformer,144,0,0.0,0,True
SpectrogramTransformer,145,0,0.0,0,True
SpectrogramTransformer,146,0,0.0,0,True
SpectrogramTransformer,147,0,0.0,0,True
SpectrogramTransformer,148,0,0.0,0,True
SpectrogramTransformer,149,0,0.0,0,True
SpectrogramTransformer,150,0,0.0,0,True
SpectrogramTransformer,151,0,0.0,0,True
SpectrogramTransformer,152,0,0.0,0,True
SpectrogramTransformer,153,0,2e-06,0,True
SpectrogramTransformer,154,0,0.0,0,True
SpectrogramTransformer,155,0,0.0,0,True
SpectrogramTransformer,156,0,0.0,0,True
SpectrogramTransformer,157,0,0.0,0,True
SpectrogramTransformer,158,0,0.0,0,True
SpectrogramTransformer,159,0,0.0,0,True
SpectrogramTransformer,160,0,0.0,0,True
SpectrogramTransformer,161,0,0.0,0,True
SpectrogramTransformer,162,0,1e-06,0,True
SpectrogramTransformer,163,0,0.0,0,True
SpectrogramTransformer,164,0,0.0,0,True
SpectrogramTransformer,165,0,0.0,0,True
SpectrogramTransformer,166,0,0.0,0,True
SpectrogramTransformer,167,0,0.0,0,True
SpectrogramTransformer,168,0,0.0,0,True
SpectrogramTransformer,169,0,0.0,0,True
SpectrogramTransformer,170,0,0.0,0,True
SpectrogramTransformer,171,0,0.0,0,True
SpectrogramTransformer,172,0,0.0,0,True
SpectrogramTransformer,173,0,0.0,0,True
SpectrogramTransformer,174,0,0.0,0,True
SpectrogramTransformer,175,0,0.0,0,True
SpectrogramTransformer,176,0,0.0,0,True
SpectrogramTransformer,177,0,0.0,0,True
SpectrogramTransformer,178,0,0.0,0,True
SpectrogramTransformer,179,0,0.0,0,True
SpectrogramTransformer,180,0,0.0,0,True
SpectrogramTransformer,181,0,0.0,0,True
SpectrogramTransformer,182,0,0.0,0,True
SpectrogramTransformer,183,0,0.0,0,True
SpectrogramTransformer,184,0,0.0,0,True
SpectrogramTransformer,185,0,0.0,0,True
SpectrogramTransformer,186,0,0.0,0,True
SpectrogramTransformer,187,0,0.0,0,True
SpectrogramTransformer,188,0,0.0,0,True
SpectrogramTransformer,189,0,0.0,0,True
SpectrogramTransformer,190,0,0.0,0,True
SpectrogramTransformer,191,0,0.0,0,True
SpectrogramTransformer,192,0,0.0,0,True
SpectrogramTransformer,193,0,0.0,0,True
SpectrogramTransformer,194,0,0.0,0,True
SpectrogramTransformer,195,0,0.0,0,True
SpectrogramTransformer,196,0,0.0,0,True
SpectrogramTransformer,197,0,0.0,0,True
SpectrogramTransformer,198,0,0.0,0,True
SpectrogramTransformer,199,0,0.0,0,True
SpectrogramTransformer,200,0,0.0,0,True
SpectrogramTransformer,201,0,1e-06,0,True
SpectrogramTransformer,202,0,0.0,0,True
SpectrogramTransformer,203,0,0.0,0,True
SpectrogramTransformer,204,0,0.0,0,True
SpectrogramTransformer,205,0,0.0,0,True
SpectrogramTransformer,206,0,0.0,0,True
SpectrogramTransformer,207,0,0.0,0,True
SpectrogramTransformer,208,0,0.0,0,True
SpectrogramTransformer,209,0,0.0,0,True
SpectrogramTransformer,210,0,0.0,0,True
SpectrogramTransformer,211,0,0.0,0,True
SpectrogramTransformer,212,0,0.0,0,True
SpectrogramTransformer,213,0,0.0,0,True
SpectrogramTransformer,214,0,0.0,0,True
SpectrogramTransformer,215,0,0.0,0,True
SpectrogramTransformer,216,0,0.0,0,True
SpectrogramTransformer,217,0,0.0,0,True
SpectrogramTransformer,218,0,0.0,0,True
SpectrogramTransformer,219,0,0.0,0,True
SpectrogramTransformer,220,0,0.0,0,True
SpectrogramTransformer,221,0,0.0,0,True
SpectrogramTransformer,222,0,0.0,0,True
SpectrogramTransformer,223,0,0.0,0,True
SpectrogramTransformer,224,0,0.0,0,True
SpectrogramTransformer,225,0,0.0,0,True
SpectrogramTransformer,226,0,0.0,0,True
SpectrogramTransformer,227,0,0.0,0,True
SpectrogramTransformer,228,0,0.0,0,True
SpectrogramTransformer,229,0,0.0,0,True
SpectrogramTransformer,230,0,0.0,0,True
SpectrogramTransformer,231,0,0.0,0,True
SpectrogramTransformer,232,0,0.0,0,True
SpectrogramTransformer,233,0,0.0,0,True
SpectrogramTransformer,234,0,0.0,0,True
SpectrogramTransformer,235,0,0.0,0,True
SpectrogramTransformer,236,0,0.0,0,True
SpectrogramTransformer,237,0,0.0,0,True
SpectrogramTransformer,238,0,0.0,0,True
SpectrogramTransformer,239,0,0.0,0,True
SpectrogramTransformer,240,0,0.0,0,True
SpectrogramTransformer,241,0,0.0,0,True
SpectrogramTransformer,242,0,1.1e-05,0,True
SpectrogramTransformer,243,0,0.0,0,True
SpectrogramTransformer,244,0,0.0,0,True
SpectrogramTransformer,245,0,0.0,0,True
SpectrogramTransformer,246,0,0.0,0,True
SpectrogramTransformer,247,0,0.0,0,True
SpectrogramTransformer,248,0,0.0,0,True
SpectrogramTransformer,249,0,0.0,0,True
SpectrogramTransformer,250,0,0.0,0,True
SpectrogramTransformer,251,0,0.0,0,True
SpectrogramTransformer,252,0,0.0,0,True
SpectrogramTransformer,253,0,0.999995,1,False
SpectrogramTransformer,254,0,0.0,0,True
SpectrogramTransformer,255,0,0.0,0,True
SpectrogramTransformer,256,0,0.0,0,True
SpectrogramTransformer,257,0,0.0,0,True
SpectrogramTransformer,258,0,0.0,0,True
SpectrogramTransformer,259,0,0.0,0,True
SpectrogramTransformer,260,0,0.0,0,True
SpectrogramTransformer,261,0,0.0,0,True
SpectrogramTransformer,262,0,0.0,0,True
SpectrogramTransformer,263,0,0.0,0,True
SpectrogramTransformer,264,0,0.0,0,True
SpectrogramTransformer,265,0,0.0,0,True
SpectrogramTransformer,266,0,0.0,0,True
SpectrogramTransformer,267,0,0.0,0,True
SpectrogramTransformer,268,0,6.7e-05,0,True
SpectrogramTransformer,269,0,0.0,0,True
SpectrogramTransformer,270,0,0.0,0,True
SpectrogramTransformer,271,0,0.0,0,True
SpectrogramTransformer,272,0,0.0,0,True
SpectrogramTransformer,273,0,0.0,0,True
SpectrogramTransformer,274,0,0.0,0,True
SpectrogramTransformer,275,0,0.0,0,True
SpectrogramTransformer,276,0,0.0,0,True
SpectrogramTransformer,277,0,0.0,0,True
SpectrogramTransformer,278,0,0.0,0,True
SpectrogramTransformer,279,0,0.0,0,True
SpectrogramTransformer,280,0,0.0,0,True
SpectrogramTransformer,281,0,0.0,0,True
SpectrogramTransformer,282,0,0.0,0,True
SpectrogramTransformer,283,0,0.0,0,True
SpectrogramTransformer,284,0,0.0,0,True
SpectrogramTransformer,285,0,0.0,0,True
SpectrogramTransformer,286,0,0.0,0,True
SpectrogramTransformer,287,0,0.0,0,True
SpectrogramTransformer,288,0,0.0,0,True
SpectrogramTransformer,289,0,0.0,0,True
SpectrogramTransformer,290,0,0.0,0,True
SpectrogramTransformer,291,0,0.0,0,True
SpectrogramTransformer,292,0,0.0,0,True
SpectrogramTransformer,293,0,0.0,0,True
SpectrogramTransformer,294,0,0.0,0,True
SpectrogramTransformer,295,0,0.0,0,True
SpectrogramTransformer,296,0,0.0,0,True
SpectrogramTransformer,297,0,0.0,0,True
SpectrogramTransformer,298,0,0.0,0,True
SpectrogramTransformer,299,0,0.0,0,True
SpectrogramTransformer,300,0,0.0,0,True
SpectrogramTransformer,301,0,0.0,0,True
SpectrogramTransformer,302,0,0.0,0,True
SpectrogramTransformer,303,0,0.0,0,True
SpectrogramTransformer,304,0,0.0,0,True
SpectrogramTransformer,305,0,0.0,0,True
SpectrogramTransformer,306,0,0.0,0,True
SpectrogramTransformer,307,0,0.0,0,True
SpectrogramTransformer,308,0,1e-06,0,True
SpectrogramTransformer,309,0,0.0,0,True
SpectrogramTransformer,310,0,0.0,0,True
SpectrogramTransformer,311,0,0.0,0,True
SpectrogramTransformer,312,0,0.0,0,True
SpectrogramTransformer,313,0,0.0,0,True
SpectrogramTransformer,314,0,0.0,0,True
SpectrogramTransformer,315,0,0.0,0,True
SpectrogramTransformer,316,0,0.0,0,True
SpectrogramTransformer,317,0,0.0,0,True
SpectrogramTransformer,318,0,0.0,0,True
SpectrogramTransformer,319,0,0.0,0,True
SpectrogramTransformer,320,0,0.0,0,True
SpectrogramTransformer,321,0,0.0,0,True
SpectrogramTransformer,322,0,0.0,0,True
SpectrogramTransformer,323,0,0.0,0,True
SpectrogramTransformer,324,0,0.0,0,True
SpectrogramTransformer,325,0,0.0,0,True
SpectrogramTransformer,326,0,0.0,0,True
SpectrogramTransformer,327,0,0.0,0,True
SpectrogramTransformer,328,0,0.0,0,True
SpectrogramTransformer,329,0,0.0,0,True
SpectrogramTransformer,330,0,0.0,0,True
SpectrogramTransformer,331,0,0.0,0,True
SpectrogramTransformer,332,0,0.0,0,True
SpectrogramTransformer,333,0,4e-06,0,True
SpectrogramTransformer,334,0,0.0,0,True
SpectrogramTransformer,335,0,0.0,0,True
SpectrogramTransformer,336,0,7e-06,0,True
SpectrogramTransformer,337,0,1e-06,0,True
SpectrogramTransformer,338,0,0.0,0,True
SpectrogramTransformer,339,0,0.0,0,True
SpectrogramTransformer,340,0,0.0,0,True
SpectrogramTransformer,341,0,0.0,0,True
SpectrogramTransformer,342,0,0.0,0,True
SpectrogramTransformer,343,0,0.0,0,True
SpectrogramTransformer,344,0,0.0,0,True
SpectrogramTransformer,345,0,0.0,0,True
SpectrogramTransformer,346,0,0.0,0,True
SpectrogramTransformer,347,0,0.0,0,True
SpectrogramTransformer,348,0,0.0,0,True
SpectrogramTransformer,349,0,0.0,0,True
SpectrogramTransformer,350,0,0.0,0,True
SpectrogramTransformer,351,0,0.0,0,True
SpectrogramTransformer,352,0,0.0,0,True
SpectrogramTransformer,353,0,0.0,0,True
SpectrogramTransformer,354,0,0.0,0,True
SpectrogramTransformer,355,0,0.0,0,True
SpectrogramTransformer,356,0,0.0,0,True
SpectrogramTransformer,357,0,0.0,0,True
SpectrogramTransformer,358,0,0.0,0,True
SpectrogramTransformer,359,0,0.0,0,True
SpectrogramTransformer,360,0,0.0,0,True
SpectrogramTransformer,361,0,0.0,0,True
SpectrogramTransformer,362,0,0.0,0,True
SpectrogramTransformer,363,0,0.0,0,True
SpectrogramTransformer,364,0,0.0,0,True
SpectrogramTransformer,365,0,0.0,0,True
SpectrogramTransformer,366,0,0.0,0,True
SpectrogramTransformer,367,0,0.0,0,True
SpectrogramTransformer,368,0,0.0,0,True
SpectrogramTransformer,369,0,0.0,0,True
SpectrogramTransformer,370,0,0.0,0,True
SpectrogramTransformer,371,0,0.0,0,True
SpectrogramTransformer,372,0,0.0,0,True
SpectrogramTransformer,373,0,0.0,0,True
SpectrogramTransformer,374,0,0.0,0,True
SpectrogramTransformer,375,0,0.0,0,True
SpectrogramTransformer,376,0,0.0,0,True
SpectrogramTransformer,377,0,0.0,0,True
SpectrogramTransformer,378,0,0.0,0,True
SpectrogramTransformer,379,0,0.0,0,True
SpectrogramTransformer,380,0,0.0,0,True
SpectrogramTransformer,381,0,0.0,0,True
SpectrogramTransformer,382,0,0.0,0,True
SpectrogramTransformer,383,0,0.0,0,True
SpectrogramTransformer,384,0,0.0,0,True
SpectrogramTransformer,385,0,0.0,0,True
SpectrogramTransformer,386,0,0.0,0,True
SpectrogramTransformer,387,0,0.0,0,True
SpectrogramTransformer,388,0,0.0,0,True
SpectrogramTransformer,389,0,0.0,0,True
SpectrogramTransformer,390,0,0.0,0,True
SpectrogramTransformer,391,0,0.0,0,True
SpectrogramTransformer,392,0,0.0,0,True
SpectrogramTransformer,393,0,0.0,0,True
SpectrogramTransformer,394,0,0.0,0,True
SpectrogramTransformer,395,0,0.0,0,True
SpectrogramTransformer,396,0,0.0,0,True
SpectrogramTransformer,397,0,0.0,0,True
SpectrogramTransformer,398,0,0.0,0,True
SpectrogramTransformer,399,0,0.0,0,True
SpectrogramTransformer,400,0,0.0,0,True
SpectrogramTransformer,401,0,0.0,0,True
SpectrogramTransformer,402,0,0.0,0,True
SpectrogramTransformer,403,0,0.0,0,True
SpectrogramTransformer,404,0,0.0,0,True
SpectrogramTransformer,405,0,0.0,0,True
SpectrogramTransformer,406,0,8.6e-05,0,True
SpectrogramTransformer,407,0,0.0,0,True
SpectrogramTransformer,408,0,0.0,0,True
SpectrogramTransformer,409,0,0.0,0,True
SpectrogramTransformer,410,0,0.0,0,True
SpectrogramTransformer,411,0,0.0,0,True
SpectrogramTransformer,412,0,0.0,0,True
SpectrogramTransformer,413,0,0.0,0,True
SpectrogramTransformer,414,0,0.0,0,True
SpectrogramTransformer,415,0,0.0,0,True
SpectrogramTransformer,416,0,0.0,0,True
SpectrogramTransformer,417,0,0.0,0,True
SpectrogramTransformer,418,0,0.0,0,True
SpectrogramTransformer,419,0,0.0,0,True
SpectrogramTransformer,420,0,0.0,0,True
SpectrogramTransformer,421,0,0.0,0,True
SpectrogramTransformer,422,0,0.0,0,True
SpectrogramTransformer,423,0,0.0,0,True
SpectrogramTransformer,424,0,0.0,0,True
SpectrogramTransformer,425,0,0.0,0,True
SpectrogramTransformer,426,0,0.0,0,True
SpectrogramTransformer,427,0,0.0,0,True
SpectrogramTransformer,428,0,0.0,0,True
SpectrogramTransformer,429,0,0.0,0,True
SpectrogramTransformer,430,0,0.0,0,True
SpectrogramTransformer,431,0,0.0,0,True
SpectrogramTransformer,432,0,0.0,0,True
SpectrogramTransformer,433,0,0.0,0,True
SpectrogramTransformer,434,0,0.0,0,True
SpectrogramTransformer,435,0,0.0,0,True
SpectrogramTransformer,436,0,0.0,0,True
SpectrogramTransformer,437,0,0.0,0,True
SpectrogramTransformer,438,0,0.0,0,True
SpectrogramTransformer,439,0,0.0,0,True
SpectrogramTransformer,440,0,0.0,0,True
SpectrogramTransformer,441,0,0.0,0,True
SpectrogramTransformer,442,0,0.0,0,True
SpectrogramTransformer,443,0,0.0,0,True
SpectrogramTransformer,444,0,0.0,0,True
SpectrogramTransformer,445,0,0.0,0,True
SpectrogramTransformer,446,0,0.0,0,True
SpectrogramTransformer,447,0,0.0,0,True
SpectrogramTransformer,448,0,0.0,0,True
SpectrogramTransformer,449,0,0.0,0,True
SpectrogramTransformer,450,0,0.0,0,True
SpectrogramTransformer,451,0,0.0,0,True
SpectrogramTransformer,452,0,0.0,0,True
SpectrogramTransformer,453,0,0.0,0,True
SpectrogramTransformer,454,0,0.0,0,True
SpectrogramTransformer,455,0,0.0,0,True
SpectrogramTransformer,456,0,0.0,0,True
SpectrogramTransformer,457,0,0.0,0,True
SpectrogramTransformer,458,0,0.0,0,True
SpectrogramTransformer,459,0,0.0,0,True
SpectrogramTransformer,460,0,0.0,0,True
SpectrogramTransformer,461,0,0.0,0,True
SpectrogramTransformer,462,0,0.0,0,True
SpectrogramTransformer,463,0,0.0,0,True
SpectrogramTransformer,464,0,0.0,0,True
SpectrogramTransformer,465,0,0.0,0,True
SpectrogramTransformer,466,0,0.0,0,True
SpectrogramTransformer,467,0,0.0,0,True
SpectrogramTransformer,468,0,0.0,0,True
SpectrogramTransformer,469,0,0.0,0,True
SpectrogramTransformer,470,0,0.0,0,True
SpectrogramTransformer,471,0,0.0,0,True
SpectrogramTransformer,472,0,0.0,0,True
SpectrogramTransformer,473,0,0.0,0,True
SpectrogramTransformer,474,0,2.8e-05,0,True
SpectrogramTransformer,475,0,1.4e-05,0,True
SpectrogramTransformer,476,0,0.0,0,True
SpectrogramTransformer,477,0,0.0,0,True
SpectrogramTransformer,478,0,0.0,0,True
SpectrogramTransformer,479,0,0.0,0,True
SpectrogramTransformer,480,0,0.0,0,True
SpectrogramTransformer,481,0,0.0,0,True
SpectrogramTransformer,482,0,0.0,0,True
SpectrogramTransformer,483,0,0.0,0,True
SpectrogramTransformer,484,0,0.0,0,True
SpectrogramTransformer,485,0,0.0,0,True
SpectrogramTransformer,486,0,0.0,0,True
SpectrogramTransformer,487,0,0.0,0,True
SpectrogramTransformer,488,0,0.0,0,True
SpectrogramTransformer,489,0,0.0,0,True
SpectrogramTransformer,490,0,0.0,0,True
SpectrogramTransformer,491,0,0.0,0,True
SpectrogramTransformer,492,0,0.0,0,True
SpectrogramTransformer,493,0,0.0,0,True
SpectrogramTransformer,494,0,0.0,0,True
SpectrogramTransformer,495,0,0.0,0,True
SpectrogramTransformer,496,0,0.0,0,True
SpectrogramTransformer,497,0,0.0,0,True
SpectrogramTransformer,498,0,0.0,0,True
SpectrogramTransformer,499,0,0.0,0,True
SpectrogramTransformer,500,0,0.0,0,True
SpectrogramTransformer,501,0,0.0,0,True
SpectrogramTransformer,502,0,0.0,0,True
SpectrogramTransformer,503,0,0.0,0,True
SpectrogramTransformer,504,0,0.0,0,True
SpectrogramTransformer,505,0,0.0,0,True
SpectrogramTransformer,506,0,0.0,0,True
SpectrogramTransformer,507,0,0.0,0,True
SpectrogramTransformer,508,0,0.0,0,True
SpectrogramTransformer,509,0,0.0,0,True
SpectrogramTransformer,510,0,0.0,0,True
SpectrogramTransformer,511,0,0.0,0,True
SpectrogramTransformer,512,0,0.0,0,True
SpectrogramTransformer,513,0,0.0,0,True
SpectrogramTransformer,514,0,0.0,0,True
SpectrogramTransformer,515,0,0.0,0,True
SpectrogramTransformer,516,0,0.0,0,True
SpectrogramTransformer,517,0,0.0,0,True
SpectrogramTransformer,518,0,0.0,0,True
SpectrogramTransformer,519,0,0.0,0,True
SpectrogramTransformer,520,0,0.0,0,True
SpectrogramTransformer,521,0,0.0,0,True
SpectrogramTransformer,522,0,0.0,0,True
SpectrogramTransformer,523,0,0.0,0,True
SpectrogramTransformer,524,0,0.0,0,True
SpectrogramTransformer,525,0,0.0,0,True
SpectrogramTransformer,526,0,0.0,0,True
SpectrogramTransformer,527,0,0.0,0,True
SpectrogramTransformer,528,0,0.0,0,True
SpectrogramTransformer,529,0,6e-06,0,True
SpectrogramTransformer,530,0,0.0,0,True
SpectrogramTransformer,531,0,0.0,0,True
SpectrogramTransformer,532,0,0.0,0,True
SpectrogramTransformer,533,0,0.0,0,True
SpectrogramTransformer,534,0,1e-06,0,True
SpectrogramTransformer,535,0,0.0,0,True
SpectrogramTransformer,536,0,0.0,0,True
SpectrogramTransformer,537,0,0.0,0,True
SpectrogramTransformer,538,0,0.0,0,True
SpectrogramTransformer,539,0,0.0,0,True
SpectrogramTransformer,540,0,0.0,0,True
SpectrogramTransformer,541,0,0.0,0,True
SpectrogramTransformer,542,0,0.0,0,True
SpectrogramTransformer,543,0,0.0,0,True
SpectrogramTransformer,544,0,0.0,0,True
SpectrogramTransformer,545,0,8e-06,0,True
SpectrogramTransformer,546,0,0.0,0,True
SpectrogramTransformer,547,0,7e-06,0,True
SpectrogramTransformer,548,0,0.0,0,True
SpectrogramTransformer,549,0,0.0,0,True
SpectrogramTransformer,550,0,0.0,0,True
SpectrogramTransformer,551,0,0.0,0,True
SpectrogramTransformer,552,0,0.0,0,True
SpectrogramTransformer,553,0,0.0,0,True
SpectrogramTransformer,554,0,0.0,0,True
SpectrogramTransformer,555,0,0.0,0,True
SpectrogramTransformer,556,0,0.0,0,True
SpectrogramTransformer,557,0,0.0,0,True
SpectrogramTransformer,558,0,0.0,0,True
SpectrogramTransformer,559,0,0.0,0,True
SpectrogramTransformer,560,0,0.0,0,True
SpectrogramTransformer,561,0,0.0,0,True
SpectrogramTransformer,562,0,0.0,0,True
SpectrogramTransformer,563,0,0.0,0,True
SpectrogramTransformer,564,0,0.0,0,True
SpectrogramTransformer,565,0,0.0,0,True
SpectrogramTransformer,566,0,0.0,0,True
SpectrogramTransformer,567,0,0.0,0,True
SpectrogramTransformer,568,0,0.0,0,True
SpectrogramTransformer,569,0,0.0,0,True
SpectrogramTransformer,570,0,0.0,0,True
SpectrogramTransformer,571,0,0.0,0,True
SpectrogramTransformer,572,0,0.0,0,True
SpectrogramTransformer,573,0,0.0,0,True
SpectrogramTransformer,574,0,0.0,0,True
SpectrogramTransformer,575,0,0.0,0,True
SpectrogramTransformer,576,0,0.0,0,True
SpectrogramTransformer,577,0,2e-06,0,True
SpectrogramTransformer,578,0,0.0,0,True
SpectrogramTransformer,579,0,0.0,0,True
SpectrogramTransformer,580,0,0.0,0,True
SpectrogramTransformer,581,0,0.0,0,True
SpectrogramTransformer,582,0,0.0,0,True
SpectrogramTransformer,583,0,0.0,0,True
SpectrogramTransformer,584,0,0.0,0,True
SpectrogramTransformer,585,0,0.0,0,True
SpectrogramTransformer,586,0,0.0,0,True
SpectrogramTransformer,587,0,0.0,0,True
SpectrogramTransformer,588,0,0.0,0,True
SpectrogramTransformer,589,0,5e-06,0,True
SpectrogramTransformer,590,0,0.0,0,True
SpectrogramTransformer,591,0,1e-06,0,True
SpectrogramTransformer,592,0,0.0,0,True
SpectrogramTransformer,593,0,0.0,0,True
SpectrogramTransformer,594,0,0.0,0,True
SpectrogramTransformer,595,0,0.0,0,True
SpectrogramTransformer,596,0,0.0,0,True
SpectrogramTransformer,597,0,0.0,0,True
SpectrogramTransformer,598,0,0.0,0,True
SpectrogramTransformer,599,0,0.0,0,True
SpectrogramTransformer,600,0,0.0,0,True
SpectrogramTransformer,601,0,0.0,0,True
SpectrogramTransformer,602,0,0.0,0,True
SpectrogramTransformer,603,0,0.0,0,True
SpectrogramTransformer,604,0,0.0,0,True
SpectrogramTransformer,605,0,0.0,0,True
SpectrogramTransformer,606,0,0.0,0,True
SpectrogramTransformer,607,0,0.0,0,True
SpectrogramTransformer,608,0,0.0,0,True
SpectrogramTransformer,609,0,0.0,0,True
SpectrogramTransformer,610,0,0.0,0,True
SpectrogramTransformer,611,0,0.0,0,True
SpectrogramTransformer,612,0,0.0,0,True
SpectrogramTransformer,613,0,0.0,0,True
SpectrogramTransformer,614,0,0.0,0,True
SpectrogramTransformer,615,0,0.0,0,True
SpectrogramTransformer,616,0,0.0,0,True
SpectrogramTransformer,617,0,0.0,0,True
SpectrogramTransformer,618,0,0.0,0,True
SpectrogramTransformer,619,0,0.0,0,True
SpectrogramTransformer,620,0,0.0,0,True
SpectrogramTransformer,621,0,0.0,0,True
SpectrogramTransformer,622,0,0.0,0,True
SpectrogramTransformer,623,0,5.1e-05,0,True
SpectrogramTransformer,624,0,0.0,0,True
SpectrogramTransformer,625,0,0.0,0,True
SpectrogramTransformer,626,0,0.0,0,True
SpectrogramTransformer,627,0,0.0,0,True
SpectrogramTransformer,628,0,0.0,0,True
SpectrogramTransformer,629,0,0.0,0,True
SpectrogramTransformer,630,0,0.0,0,True
SpectrogramTransformer,631,0,0.0,0,True
SpectrogramTransformer,632,0,0.0,0,True
SpectrogramTransformer,633,0,0.0,0,True
SpectrogramTransformer,634,0,0.0,0,True
SpectrogramTransformer,635,0,0.0,0,True
SpectrogramTransformer,636,0,0.0,0,True
SpectrogramTransformer,637,0,0.0,0,True
SpectrogramTransformer,638,0,0.0,0,True
SpectrogramTransformer,639,0,0.0,0,True
SpectrogramTransformer,640,0,0.0,0,True
SpectrogramTransformer,641,0,0.0,0,True
SpectrogramTransformer,642,0,0.0,0,True
SpectrogramTransformer,643,0,0.0,0,True
SpectrogramTransformer,644,0,0.0,0,True
SpectrogramTransformer,645,0,0.0,0,True
SpectrogramTransformer,646,0,0.0,0,True
SpectrogramTransformer,647,0,0.0,0,True
SpectrogramTransformer,648,0,0.0,0,True
SpectrogramTransformer,649,0,0.0,0,True
SpectrogramTransformer,650,0,0.0,0,True
SpectrogramTransformer,651,0,0.0,0,True
SpectrogramTransformer,652,0,0.0,0,True
SpectrogramTransformer,653,0,0.0,0,True
SpectrogramTransformer,654,0,0.0,0,True
SpectrogramTransformer,655,0,0.0,0,True
SpectrogramTransformer,656,0,0.0,0,True
SpectrogramTransformer,657,0,0.0,0,True
SpectrogramTransformer,658,0,0.0,0,True
SpectrogramTransformer,659,0,0.0,0,True
SpectrogramTransformer,660,0,0.0,0,True
SpectrogramTransformer,661,0,0.0,0,True
SpectrogramTransformer,662,0,0.0,0,True
SpectrogramTransformer,663,0,0.0,0,True
SpectrogramTransformer,664,0,0.0,0,True
SpectrogramTransformer,665,0,0.0,0,True
SpectrogramTransformer,666,0,0.0,0,True
SpectrogramTransformer,667,0,0.0,0,True
SpectrogramTransformer,668,0,0.0,0,True
SpectrogramTransformer,669,0,0.0,0,True
SpectrogramTransformer,670,0,0.0,0,True
SpectrogramTransformer,671,0,0.0,0,True
SpectrogramTransformer,672,0,0.0,0,True
SpectrogramTransformer,673,0,0.0,0,True
SpectrogramTransformer,674,0,0.0,0,True
SpectrogramTransformer,675,0,0.0,0,True
SpectrogramTransformer,676,0,0.0,0,True
SpectrogramTransformer,677,0,0.0,0,True
SpectrogramTransformer,678,0,0.0,0,True
SpectrogramTransformer,679,0,0.0,0,True
SpectrogramTransformer,680,0,0.0,0,True
SpectrogramTransformer,681,0,0.0,0,True
SpectrogramTransformer,682,0,0.0,0,True
SpectrogramTransformer,683,0,0.0,0,True
SpectrogramTransformer,684,0,0.0,0,True
SpectrogramTransformer,685,0,0.0,0,True
SpectrogramTransformer,686,0,0.0,0,True
SpectrogramTransformer,687,0,0.0,0,True
SpectrogramTransformer,688,0,0.0,0,True
SpectrogramTransformer,689,0,0.0,0,True
SpectrogramTransformer,690,0,0.0,0,True
SpectrogramTransformer,691,0,0.0,0,True
SpectrogramTransformer,692,0,0.0,0,True
SpectrogramTransformer,693,0,0.0,0,True
SpectrogramTransformer,694,0,0.0,0,True
SpectrogramTransformer,695,0,0.0,0,True
SpectrogramTransformer,696,0,0.0,0,True
SpectrogramTransformer,697,0,0.0,0,True
SpectrogramTransformer,698,0,0.0,0,True
SpectrogramTransformer,699,0,0.0,0,True
SpectrogramTransformer,700,0,0.0,0,True
SpectrogramTransformer,701,0,0.0,0,True
SpectrogramTransformer,702,0,0.999744,1,False
SpectrogramTransformer,703,0,0.0,0,True
SpectrogramTransformer,704,0,0.0,0,True
SpectrogramTransformer,705,0,0.0,0,True
SpectrogramTransformer,706,0,0.0,0,True
SpectrogramTransformer,707,0,0.0,0,True
SpectrogramTransformer,708,0,0.0,0,True
SpectrogramTransformer,709,0,0.0,0,True
SpectrogramTransformer,710,0,0.0,0,True
SpectrogramTransformer,711,0,0.0,0,True
SpectrogramTransformer,712,0,0.0,0,True
SpectrogramTransformer,713,0,0.0,0,True
SpectrogramTransformer,714,0,0.0,0,True
SpectrogramTransformer,715,0,1.4e-05,0,True
SpectrogramTransformer,716,0,0.0,0,True
SpectrogramTransformer,717,0,0.0,0,True
SpectrogramTransformer,718,0,0.0,0,True
SpectrogramTransformer,719,0,0.0,0,True
SpectrogramTransformer,720,0,0.0,0,True
SpectrogramTransformer,721,0,0.0,0,True
SpectrogramTransformer,722,0,0.0,0,True
SpectrogramTransformer,723,0,0.0,0,True
SpectrogramTransformer,724,0,0.0,0,True
SpectrogramTransformer,725,0,0.0,0,True
SpectrogramTransformer,726,0,0.0,0,True
SpectrogramTransformer,727,0,0.0,0,True
SpectrogramTransformer,728,0,0.0,0,True
SpectrogramTransformer,729,0,0.0,0,True
SpectrogramTransformer,730,0,0.0,0,True
SpectrogramTransformer,731,0,0.0,0,True
SpectrogramTransformer,732,0,0.0,0,True
SpectrogramTransformer,733,0,0.0,0,True
SpectrogramTransformer,734,0,0.0,0,True
SpectrogramTransformer,735,0,0.0,0,True
SpectrogramTransformer,736,0,0.0,0,True
SpectrogramTransformer,737,0,0.0,0,True
SpectrogramTransformer,738,0,0.0,0,True
SpectrogramTransformer,739,0,0.0,0,True
SpectrogramTransformer,740,0,0.0,0,True
SpectrogramTransformer,741,0,0.0,0,True
SpectrogramTransformer,742,0,0.0,0,True
SpectrogramTransformer,743,0,0.0,0,True
SpectrogramTransformer,744,0,0.0,0,True
SpectrogramTransformer,745,0,0.0,0,True
SpectrogramTransformer,746,0,0.0,0,True
SpectrogramTransformer,747,0,0.0,0,True
SpectrogramTransformer,748,0,0.0,0,True
SpectrogramTransformer,749,0,1e-06,0,True
SpectrogramTransformer,750,0,0.999989,1,False
SpectrogramTransformer,751,0,1e-06,0,True
SpectrogramTransformer,752,0,0.0,0,True
SpectrogramTransformer,753,0,0.0,0,True
SpectrogramTransformer,754,0,0.0,0,True
SpectrogramTransformer,755,0,0.0,0,True
SpectrogramTransformer,756,0,0.0,0,True
SpectrogramTransformer,757,0,0.0,0,True
SpectrogramTransformer,758,0,0.0,0,True
SpectrogramTransformer,759,0,0.0,0,True
SpectrogramTransformer,760,0,0.0,0,True
SpectrogramTransformer,761,0,0.0,0,True
SpectrogramTransformer,762,0,0.0,0,True
SpectrogramTransformer,763,0,0.0,0,True
SpectrogramTransformer,764,0,0.0,0,True
SpectrogramTransformer,765,0,1e-06,0,True
SpectrogramTransformer,766,0,0.0,0,True
SpectrogramTransformer,767,0,0.0,0,True
SpectrogramTransformer,768,0,0.0,0,True
SpectrogramTransformer,769,0,0.0,0,True
SpectrogramTransformer,770,0,0.0,0,True
SpectrogramTransformer,771,0,0.0,0,True
SpectrogramTransformer,772,0,0.0,0,True
SpectrogramTransformer,773,0,0.0,0,True
SpectrogramTransformer,774,0,0.0,0,True
SpectrogramTransformer,775,0,0.0,0,True
SpectrogramTransformer,776,0,1e-06,0,True
SpectrogramTransformer,777,0,0.0,0,True
SpectrogramTransformer,778,0,0.0,0,True
SpectrogramTransformer,779,0,0.0,0,True
SpectrogramTransformer,780,0,0.0,0,True
SpectrogramTransformer,781,0,0.0,0,True
SpectrogramTransformer,782,0,0.0,0,True
SpectrogramTransformer,783,0,0.0,0,True
SpectrogramTransformer,784,0,0.0,0,True
SpectrogramTransformer,785,0,0.0,0,True
SpectrogramTransformer,786,0,0.0,0,True
SpectrogramTransformer,787,0,0.0,0,True
SpectrogramTransformer,788,0,0.0,0,True
SpectrogramTransformer,789,0,0.0,0,True
SpectrogramTransformer,790,0,0.0,0,True
SpectrogramTransformer,791,0,0.0,0,True
SpectrogramTransformer,792,0,0.0,0,True
SpectrogramTransformer,793,0,0.0,0,True
SpectrogramTransformer,794,0,0.0,0,True
SpectrogramTransformer,795,0,0.0,0,True
SpectrogramTransformer,796,0,0.0,0,True
SpectrogramTransformer,797,0,0.0,0,True
SpectrogramTransformer,798,0,0.0,0,True
SpectrogramTransformer,799,0,0.0,0,True
SpectrogramTransformer,800,0,0.0,0,True
SpectrogramTransformer,801,0,0.0,0,True
SpectrogramTransformer,802,0,0.0,0,True
SpectrogramTransformer,803,0,0.0,0,True
SpectrogramTransformer,804,0,0.0,0,True
SpectrogramTransformer,805,0,0.999988,1,False
SpectrogramTransformer,806,0,0.0,0,True
SpectrogramTransformer,807,0,0.0,0,True
SpectrogramTransformer,808,0,0.0,0,True
SpectrogramTransformer,809,0,0.0,0,True
SpectrogramTransformer,810,0,0.0,0,True
SpectrogramTransformer,811,0,0.0,0,True
SpectrogramTransformer,812,0,0.0,0,True
SpectrogramTransformer,813,0,0.0,0,True
SpectrogramTransformer,814,0,0.0,0,True
SpectrogramTransformer,815,0,0.0,0,True
SpectrogramTransformer,816,0,0.0,0,True
SpectrogramTransformer,817,0,0.0,0,True
SpectrogramTransformer,818,0,0.0,0,True
SpectrogramTransformer,819,0,1.2e-05,0,True
SpectrogramTransformer,820,0,0.0,0,True
SpectrogramTransformer,821,0,0.0,0,True
SpectrogramTransformer,822,0,0.0,0,True
SpectrogramTransformer,823,0,0.0,0,True
SpectrogramTransformer,824,0,0.0,0,True
SpectrogramTransformer,825,0,0.0,0,True
SpectrogramTransformer,826,0,0.0,0,True
SpectrogramTransformer,827,0,0.0,0,True
SpectrogramTransformer,828,0,0.0,0,True
SpectrogramTransformer,829,0,0.0,0,True
SpectrogramTransformer,830,0,0.0,0,True
SpectrogramTransformer,831,0,0.0,0,True
SpectrogramTransformer,832,0,0.0,0,True
SpectrogramTransformer,833,0,0.0,0,True
SpectrogramTransformer,834,0,0.0,0,True
SpectrogramTransformer,835,0,0.0,0,True
SpectrogramTransformer,836,0,0.0,0,True
SpectrogramTransformer,837,0,0.0,0,True
SpectrogramTransformer,838,0,0.0,0,True
SpectrogramTransformer,839,0,6.9e-05,0,True
SpectrogramTransformer,840,0,0.0,0,True
SpectrogramTransformer,841,0,0.0,0,True
SpectrogramTransformer,842,0,0.0,0,True
SpectrogramTransformer,843,0,0.0,0,True
SpectrogramTransformer,844,0,0.0,0,True
SpectrogramTransformer,845,0,0.0,0,True
SpectrogramTransformer,846,0,1e-06,0,True
SpectrogramTransformer,847,0,0.0,0,True
SpectrogramTransformer,848,0,0.0,0,True
SpectrogramTransformer,849,0,0.0,0,True
SpectrogramTransformer,850,0,0.0,0,True
SpectrogramTransformer,851,0,0.0,0,True
SpectrogramTransformer,852,0,0.0,0,True
SpectrogramTransformer,853,0,0.003037,0,True
SpectrogramTransformer,854,0,3e-06,0,True
SpectrogramTransformer,855,0,0.0,0,True
SpectrogramTransformer,856,0,0.0,0,True
SpectrogramTransformer,857,0,0.0,0,True
SpectrogramTransformer,858,0,0.0,0,True
SpectrogramTransformer,859,0,0.0,0,True
SpectrogramTransformer,860,0,0.0,0,True
SpectrogramTransformer,861,0,0.0,0,True
SpectrogramTransformer,862,0,0.0,0,True
SpectrogramTransformer,863,0,0.0,0,True
SpectrogramTransformer,864,0,0.0,0,True
SpectrogramTransformer,865,0,2e-06,0,True
SpectrogramTransformer,866,0,0.997719,1,False
SpectrogramTransformer,867,0,0.0,0,True
SpectrogramTransformer,868,0,0.0,0,True
SpectrogramTransformer,869,0,0.0,0,True
SpectrogramTransformer,870,0,0.0,0,True
SpectrogramTransformer,871,0,0.0,0,True
SpectrogramTransformer,872,0,0.0,0,True
SpectrogramTransformer,873,0,0.0,0,True
SpectrogramTransformer,874,0,0.0,0,True
SpectrogramTransformer,875,0,0.0,0,True
SpectrogramTransformer,876,0,0.0,0,True
SpectrogramTransformer,877,0,0.0,0,True
SpectrogramTransformer,878,0,0.0,0,True
SpectrogramTransformer,879,0,0.0,0,True
SpectrogramTransformer,880,0,0.0,0,True
SpectrogramTransformer,881,0,0.0,0,True
SpectrogramTransformer,882,0,0.0,0,True
SpectrogramTransformer,883,0,0.0,0,True
SpectrogramTransformer,884,0,0.0,0,True
SpectrogramTransformer,885,0,0.0,0,True
SpectrogramTransformer,886,0,0.0,0,True
SpectrogramTransformer,887,0,1.1e-05,0,True
SpectrogramTransformer,888,0,0.0,0,True
SpectrogramTransformer,889,0,0.0,0,True
SpectrogramTransformer,890,0,0.0,0,True
SpectrogramTransformer,891,0,0.0,0,True
SpectrogramTransformer,892,0,0.0,0,True
SpectrogramTransformer,893,0,9e-06,0,True
SpectrogramTransformer,894,0,0.0,0,True
SpectrogramTransformer,895,0,1.0,1,False
SpectrogramTransformer,896,0,0.0,0,True
SpectrogramTransformer,897,0,0.0,0,True
SpectrogramTransformer,898,0,0.0,0,True
SpectrogramTransformer,899,0,0.0,0,True
SpectrogramTransformer,900,0,2e-06,0,True
SpectrogramTransformer,901,0,0.0,0,True
SpectrogramTransformer,902,0,0.0,0,True
SpectrogramTransformer,903,0,0.0,0,True
SpectrogramTransformer,904,0,0.0,0,True
SpectrogramTransformer,905,0,0.0,0,True
SpectrogramTransformer,906,0,0.0,0,True
SpectrogramTransformer,907,0,0.0,0,True
SpectrogramTransformer,908,0,0.0,0,True
SpectrogramTransformer,909,0,0.0,0,True
SpectrogramTransformer,910,0,0.0,0,True
SpectrogramTransformer,911,0,0.0,0,True
SpectrogramTransformer,912,0,0.0,0,True
SpectrogramTransformer,913,0,0.0,0,True
SpectrogramTransformer,914,0,0.0,0,True
SpectrogramTransformer,915,0,0.0,0,True
SpectrogramTransformer,916,0,0.0,0,True
SpectrogramTransformer,917,0,0.0,0,True
SpectrogramTransformer,918,0,0.0,0,True
SpectrogramTransformer,919,0,0.0,0,True
SpectrogramTransformer,920,0,0.0,0,True
SpectrogramTransformer,921,0,0.0,0,True
SpectrogramTransformer,922,0,0.0,0,True
SpectrogramTransformer,923,0,0.0,0,True
SpectrogramTransformer,924,0,0.0,0,True
SpectrogramTransformer,925,0,0.0,0,True
SpectrogramTransformer,926,0,0.0,0,True
SpectrogramTransformer,927,0,0.0,0,True
SpectrogramTransformer,928,0,0.0,0,True
SpectrogramTransformer,929,0,0.0,0,True
SpectrogramTransformer,930,0,0.0,0,True
SpectrogramTransformer,931,0,0.0,0,True
SpectrogramTransformer,932,0,0.0,0,True
SpectrogramTransformer,933,0,0.0,0,True
SpectrogramTransformer,934,0,0.0,0,True
SpectrogramTransformer,935,0,0.0,0,True
SpectrogramTransformer,936,0,0.0,0,True
SpectrogramTransformer,937,0,0.0,0,True
SpectrogramTransformer,938,0,0.0,0,True
SpectrogramTransformer,939,0,0.0,0,True
SpectrogramTransformer,940,0,0.0,0,True
SpectrogramTransformer,941,0,0.0,0,True
SpectrogramTransformer,942,0,0.0,0,True
SpectrogramTransformer,943,0,0.0,0,True
SpectrogramTransformer,944,0,0.0,0,True
SpectrogramTransformer,945,0,0.0,0,True
SpectrogramTransformer,946,0,0.0,0,True
SpectrogramTransformer,947,0,0.0,0,True
SpectrogramTransformer,948,0,0.0,0,True
SpectrogramTransformer,949,0,0.0,0,True
SpectrogramTransformer,950,0,0.0,0,True
SpectrogramTransformer,951,0,0.0,0,True
SpectrogramTransformer,952,0,0.0,0,True
SpectrogramTransformer,953,0,0.0,0,True
SpectrogramTransformer,954,0,0.0,0,True
SpectrogramTransformer,955,0,0.0,0,True
SpectrogramTransformer,956,0,0.0,0,True
SpectrogramTransformer,957,0,0.0,0,True
SpectrogramTransformer,958,0,0.0,0,True
SpectrogramTransformer,959,0,0.0,0,True
SpectrogramTransformer,960,0,0.0,0,True
SpectrogramTransformer,961,0,0.0,0,True
SpectrogramTransformer,962,0,0.0,0,True
SpectrogramTransformer,963,0,0.0,0,True
SpectrogramTransformer,964,0,0.0,0,True
SpectrogramTransformer,965,0,0.0,0,True
SpectrogramTransformer,966,0,0.0,0,True
SpectrogramTransformer,967,0,0.0,0,True
SpectrogramTransformer,968,0,0.0,0,True
SpectrogramTransformer,969,0,0.0,0,True
SpectrogramTransformer,970,0,0.0,0,True
SpectrogramTransformer,971,0,0.0,0,True
SpectrogramTransformer,972,0,0.0,0,True
SpectrogramTransformer,973,0,0.0,0,True
SpectrogramTransformer,974,0,0.0,0,True
SpectrogramTransformer,975,0,0.0,0,True
SpectrogramTransformer,976,0,0.0,0,True
SpectrogramTransformer,977,0,0.0,0,True
SpectrogramTransformer,978,0,0.0,0,True
SpectrogramTransformer,979,0,9e-06,0,True
SpectrogramTransformer,980,0,0.0,0,True
SpectrogramTransformer,981,0,0.0,0,True
SpectrogramTransformer,982,0,0.999999,1,False
SpectrogramTransformer,983,0,0.0,0,True
SpectrogramTransformer,984,0,0.0,0,True
SpectrogramTransformer,985,0,0.0,0,True
SpectrogramTransformer,986,0,5.6e-05,0,True
SpectrogramTransformer,987,0,1.1e-05,0,True
SpectrogramTransformer,988,0,0.0,0,True
SpectrogramTransformer,989,0,1e-06,0,True
SpectrogramTransformer,990,0,0.0,0,True
SpectrogramTransformer,991,0,0.0,0,True
SpectrogramTransformer,992,0,0.999981,1,False
SpectrogramTransformer,993,0,0.0,0,True
SpectrogramTransformer,994,0,1e-06,0,True
SpectrogramTransformer,995,0,0.0,0,True
SpectrogramTransformer,996,0,0.000218,0,True
SpectrogramTransformer,997,0,0.0,0,True
SpectrogramTransformer,998,0,0.0,0,True
SpectrogramTransformer,999,0,0.0,0,True
SpectrogramTransformer,1000,0,0.0,0,True
SpectrogramTransformer,1001,0,0.0,0,True
SpectrogramTransformer,1002,0,0.998826,1,False
SpectrogramTransformer,1003,0,0.0,0,True
SpectrogramTransformer,1004,0,0.0,0,True
SpectrogramTransformer,1005,0,0.0,0,True
SpectrogramTransformer,1006,0,0.0,0,True
SpectrogramTransformer,1007,0,0.0,0,True
SpectrogramTransformer,1008,0,0.0,0,True
SpectrogramTransformer,1009,0,0.0,0,True
SpectrogramTransformer,1010,0,0.0,0,True
SpectrogramTransformer,1011,0,0.0,0,True
SpectrogramTransformer,1012,0,0.0,0,True
SpectrogramTransformer,1013,0,0.0,0,True
SpectrogramTransformer,1014,0,0.0,0,True
SpectrogramTransformer,1015,0,0.0,0,True
SpectrogramTransformer,1016,0,1.9e-05,0,True
SpectrogramTransformer,1017,0,0.914661,1,False
SpectrogramTransformer,1018,0,0.0,0,True
SpectrogramTransformer,1019,0,0.973761,1,False
SpectrogramTransformer,1020,0,0.0,0,True
SpectrogramTransformer,1021,0,0.999999,1,False
SpectrogramTransformer,1022,0,1e-06,0,True
SpectrogramTransformer,1023,0,0.0,0,True
SpectrogramTransformer,1024,0,0.0,0,True
SpectrogramTransformer,1025,0,3e-06,0,True
SpectrogramTransformer,1026,0,0.0,0,True
SpectrogramTransformer,1027,0,0.0,0,True
SpectrogramTransformer,1028,0,0.0,0,True
SpectrogramTransformer,1029,0,8.7e-05,0,True
SpectrogramTransformer,1030,0,9e-05,0,True
SpectrogramTransformer,1031,0,0.0,0,True
SpectrogramTransformer,1032,0,0.0,0,True
SpectrogramTransformer,1033,0,0.0,0,True
SpectrogramTransformer,1034,0,0.0,0,True
SpectrogramTransformer,1035,0,0.0,0,True
SpectrogramTransformer,1036,0,1e-06,0,True
SpectrogramTransformer,1037,0,0.0,0,True
SpectrogramTransformer,1038,0,0.0,0,True
SpectrogramTransformer,1039,0,0.0,0,True
SpectrogramTransformer,1040,0,1e-06,0,True
SpectrogramTransformer,1041,0,0.0,0,True
SpectrogramTransformer,1042,0,7e-06,0,True
SpectrogramTransformer,1043,0,0.0,0,True
SpectrogramTransformer,1044,0,0.0,0,True
SpectrogramTransformer,1045,0,0.0,0,True
SpectrogramTransformer,1046,0,0.0,0,True
SpectrogramTransformer,1047,0,0.0,0,True
SpectrogramTransformer,1048,0,0.0,0,True
SpectrogramTransformer,1049,0,0.0,0,True
SpectrogramTransformer,1050,0,0.0,0,True
SpectrogramTransformer,1051,0,1e-06,0,True
SpectrogramTransformer,1052,0,0.0,0,True
SpectrogramTransformer,1053,0,0.0,0,True
SpectrogramTransformer,1054,0,0.0,0,True
SpectrogramTransformer,1055,0,0.0,0,True
SpectrogramTransformer,1056,0,0.000114,0,True
SpectrogramTransformer,1057,0,0.0,0,True
SpectrogramTransformer,1058,0,0.0,0,True
SpectrogramTransformer,1059,0,0.0,0,True
SpectrogramTransformer,1060,0,0.0,0,True
SpectrogramTransformer,1061,0,0.0,0,True
SpectrogramTransformer,1062,0,0.0,0,True
SpectrogramTransformer,1063,0,0.0,0,True
SpectrogramTransformer,1064,0,0.0,0,True
SpectrogramTransformer,1065,0,0.0,0,True
SpectrogramTransformer,1066,0,0.0,0,True
SpectrogramTransformer,1067,0,0.0,0,True
SpectrogramTransformer,1068,0,0.0,0,True
SpectrogramTransformer,1069,0,0.0,0,True
SpectrogramTransformer,1070,0,0.0,0,True
SpectrogramTransformer,1071,0,4.2e-05,0,True
SpectrogramTransformer,1072,0,2e-06,0,True
SpectrogramTransformer,1073,0,0.0,0,True
SpectrogramTransformer,1074,0,0.0,0,True
SpectrogramTransformer,1075,0,0.0,0,True
SpectrogramTransformer,1076,0,0.0,0,True
SpectrogramTransformer,1077,0,0.0,0,True
SpectrogramTransformer,1078,0,0.000423,0,True
SpectrogramTransformer,1079,0,0.000154,0,True
SpectrogramTransformer,1080,0,2e-06,0,True
SpectrogramTransformer,1081,0,0.0,0,True
SpectrogramTransformer,1082,0,0.998256,1,False
SpectrogramTransformer,1083,0,0.999784,1,False
SpectrogramTransformer,1084,0,0.0,0,True
SpectrogramTransformer,1085,0,0.999967,1,False
SpectrogramTransformer,1086,0,0.999999,1,False
SpectrogramTransformer,1087,0,0.0,0,True
SpectrogramTransformer,1088,0,0.0,0,True
SpectrogramTransformer,1089,0,1e-06,0,True
SpectrogramTransformer,1090,0,2e-06,0,True
SpectrogramTransformer,1091,0,0.999114,1,False
SpectrogramTransformer,1092,0,0.0,0,True
SpectrogramTransformer,1093,0,0.998646,1,False
SpectrogramTransformer,1094,0,4.9e-05,0,True
SpectrogramTransformer,1095,0,3e-06,0,True
SpectrogramTransformer,1096,0,3.4e-05,0,True
SpectrogramTransformer,1097,0,1e-06,0,True
SpectrogramTransformer,1098,0,0.999998,1,False
SpectrogramTransformer,1099,0,0.0,0,True
SpectrogramTransformer,1100,0,1e-06,0,True
SpectrogramTransformer,1101,0,0.00088,0,True
SpectrogramTransformer,1102,0,1e-06,0,True
SpectrogramTransformer,1103,0,0.999974,1,False
SpectrogramTransformer,1104,0,3e-06,0,True
SpectrogramTransformer,1105,0,0.999938,1,False
SpectrogramTransformer,1106,0,0.999998,1,False
SpectrogramTransformer,1107,0,0.0,0,True
SpectrogramTransformer,1108,0,0.999994,1,False
SpectrogramTransformer,1109,0,0.0,0,True
SpectrogramTransformer,1110,0,1e-06,0,True
SpectrogramTransformer,1111,0,0.99226,1,False
SpectrogramTransformer,1112,0,0.0,0,True
SpectrogramTransformer,1113,0,4e-06,0,True
SpectrogramTransformer,1114,0,0.0,0,True
SpectrogramTransformer,1115,0,1.5e-05,0,True
SpectrogramTransformer,1116,0,2.4e-05,0,True
SpectrogramTransformer,1117,0,2e-06,0,True
SpectrogramTransformer,1118,0,0.0,0,True
SpectrogramTransformer,1119,0,0.999555,1,False
SpectrogramTransformer,1120,0,3.8e-05,0,True
SpectrogramTransformer,1121,0,0.999999,1,False
SpectrogramTransformer,1122,0,0.999662,1,False
SpectrogramTransformer,1123,0,6e-06,0,True
SpectrogramTransformer,1124,0,0.000127,0,True
SpectrogramTransformer,1125,0,0.999914,1,False
SpectrogramTransformer,1126,0,0.999869,1,False
SpectrogramTransformer,1127,0,0.000137,0,True
SpectrogramTransformer,1128,0,0.999925,1,False
SpectrogramTransformer,1129,0,1e-06,0,True
SpectrogramTransformer,1130,0,3.7e-05,0,True
SpectrogramTransformer,1131,0,4e-06,0,True
SpectrogramTransformer,1132,0,1e-06,0,True
SpectrogramTransformer,1133,1,1.0,1,True
SpectrogramTransformer,1134,1,1.8e-05,0,False
SpectrogramTransformer,1135,1,1.0,1,True
SpectrogramTransformer,1136,1,1.0,1,True
SpectrogramTransformer,1137,1,0.999998,1,True
SpectrogramTransformer,1138,1,1.0,1,True
SpectrogramTransformer,1139,1,1.0,1,True
SpectrogramTransformer,1140,1,1.0,1,True
SpectrogramTransformer,1141,1,1.0,1,True
SpectrogramTransformer,1142,1,1.0,1,True
SpectrogramTransformer,1143,1,1.0,1,True
SpectrogramTransformer,1144,1,1.0,1,True
SpectrogramTransformer,1145,1,1.0,1,True
SpectrogramTransformer,1146,1,0.999998,1,True
SpectrogramTransformer,1147,1,1e-06,0,False
SpectrogramTransformer,1148,1,0.999999,1,True
SpectrogramTransformer,1149,1,0.999999,1,True
SpectrogramTransformer,1150,1,0.999985,1,True
SpectrogramTransformer,1151,1,1.0,1,True
SpectrogramTransformer,1152,1,1.0,1,True
SpectrogramTransformer,1153,1,1.0,1,True
SpectrogramTransformer,1154,1,1.0,1,True
SpectrogramTransformer,1155,1,0.999999,1,True
SpectrogramTransformer,1156,1,0.999975,1,True
SpectrogramTransformer,1157,1,1.0,1,True
SpectrogramTransformer,1158,1,0.998934,1,True
SpectrogramTransformer,1159,1,0.999998,1,True
SpectrogramTransformer,1160,1,1.0,1,True
SpectrogramTransformer,1161,1,1.0,1,True
SpectrogramTransformer,1162,1,0.999987,1,True
SpectrogramTransformer,1163,1,1.0,1,True
SpectrogramTransformer,1164,1,1.0,1,True
SpectrogramTransformer,1165,1,0.999997,1,True
SpectrogramTransformer,1166,1,1.0,1,True
SpectrogramTransformer,1167,1,1.0,1,True
SpectrogramTransformer,1168,1,1.0,1,True
SpectrogramTransformer,1169,1,1.0,1,True
SpectrogramTransformer,1170,1,1.0,1,True
SpectrogramTransformer,1171,1,0.999995,1,True
SpectrogramTransformer,1172,1,1.0,1,True
SpectrogramTransformer,1173,1,0.999997,1,True
SpectrogramTransformer,1174,1,0.000206,0,False
SpectrogramTransformer,1175,1,0.999997,1,True
SpectrogramTransformer,1176,1,1.0,1,True
SpectrogramTransformer,1177,1,1.0,1,True
SpectrogramTransformer,1178,1,1.0,1,True
SpectrogramTransformer,1179,1,8.3e-05,0,False
SpectrogramTransformer,1180,1,1.0,1,True
SpectrogramTransformer,1181,1,1.0,1,True
SpectrogramTransformer,1182,1,1.0,1,True
SpectrogramTransformer,1183,1,0.999998,1,True
SpectrogramTransformer,1184,1,0.999984,1,True
SpectrogramTransformer,1185,1,1.0,1,True
SpectrogramTransformer,1186,1,0.999998,1,True
SpectrogramTransformer,1187,1,1.0,1,True
SpectrogramTransformer,1188,1,1.0,1,True
SpectrogramTransformer,1189,1,0.999999,1,True
SpectrogramTransformer,1190,1,0.999999,1,True
SpectrogramTransformer,1191,1,1.0,1,True
SpectrogramTransformer,1192,1,1.0,1,True
SpectrogramTransformer,1193,1,0.999902,1,True
SpectrogramTransformer,1194,1,1.0,1,True
SpectrogramTransformer,1195,1,1.0,1,True
SpectrogramTransformer,1196,1,1.0,1,True
SpectrogramTransformer,1197,1,1.0,1,True
SpectrogramTransformer,1198,1,1.0,1,True
SpectrogramTransformer,1199,1,1.0,1,True
SpectrogramTransformer,1200,1,1.0,1,True
SpectrogramTransformer,1201,1,1.0,1,True
SpectrogramTransformer,1202,1,1.0,1,True
SpectrogramTransformer,1203,1,1.0,1,True
SpectrogramTransformer,1204,1,1.0,1,True
SpectrogramTransformer,1205,1,1.0,1,True
SpectrogramTransformer,1206,1,1.0,1,True
SpectrogramTransformer,1207,1,3.3e-05,0,False
SpectrogramTransformer,1208,1,1.0,1,True
SpectrogramTransformer,1209,1,0.0,0,False
SpectrogramTransformer,1210,1,1.0,1,True
SpectrogramTransformer,1211,1,1.0,1,True
SpectrogramTransformer,1212,1,1.0,1,True
SpectrogramTransformer,1213,1,1.0,1,True
SpectrogramTransformer,1214,1,1.0,1,True
SpectrogramTransformer,1215,1,1.0,1,True
SpectrogramTransformer,1216,1,0.999995,1,True
SpectrogramTransformer,1217,1,1.0,1,True
SpectrogramTransformer,1218,1,1.0,1,True
SpectrogramTransformer,1219,1,1.0,1,True
SpectrogramTransformer,1220,1,1.0,1,True
SpectrogramTransformer,1221,1,1.0,1,True
SpectrogramTransformer,1222,1,1.0,1,True
SpectrogramTransformer,1223,1,0.999999,1,True
SpectrogramTransformer,1224,1,1.0,1,True
SpectrogramTransformer,1225,1,1.0,1,True
SpectrogramTransformer,1226,1,1.0,1,True
SpectrogramTransformer,1227,1,0.999993,1,True
SpectrogramTransformer,1228,1,1.0,1,True
SpectrogramTransformer,1229,1,0.999999,1,True
SpectrogramTransformer,1230,1,1.0,1,True
SpectrogramTransformer,1231,1,1.0,1,True
SpectrogramTransformer,1232,1,0.999998,1,True
SpectrogramTransformer,1233,1,0.999996,1,True
SpectrogramTransformer,1234,1,0.99985,1,True
SpectrogramTransformer,1235,1,0.999998,1,True
SpectrogramTransformer,1236,1,1.0,1,True
SpectrogramTransformer,1237,1,1.0,1,True
SpectrogramTransformer,1238,1,0.999999,1,True
SpectrogramTransformer,1239,1,1.0,1,True
SpectrogramTransformer,1240,1,1.0,1,True
SpectrogramTransformer,1241,1,0.999996,1,True
SpectrogramTransformer,1242,1,1.0,1,True
SpectrogramTransformer,1243,1,1.0,1,True
SpectrogramTransformer,1244,1,0.999999,1,True
SpectrogramTransformer,1245,1,1.0,1,True
SpectrogramTransformer,1246,1,1.0,1,True
SpectrogramTransformer,1247,1,1.0,1,True
SpectrogramTransformer,1248,1,1.0,1,True
SpectrogramTransformer,1249,1,1.0,1,True
SpectrogramTransformer,1250,1,0.999997,1,True
SpectrogramTransformer,1251,1,0.999996,1,True
SpectrogramTransformer,1252,1,0.999332,1,True
SpectrogramTransformer,1253,1,0.999999,1,True
SpectrogramTransformer,1254,1,0.999674,1,True
SpectrogramTransformer,1255,1,1.0,1,True
SpectrogramTransformer,1256,1,1.0,1,True
SpectrogramTransformer,1257,1,0.999999,1,True
SpectrogramTransformer,1258,1,0.000116,0,False
SpectrogramTransformer,1259,1,0.999999,1,True
SpectrogramTransformer,1260,1,1.0,1,True
SpectrogramTransformer,1261,1,1.0,1,True
SpectrogramTransformer,1262,1,1.0,1,True
SpectrogramTransformer,1263,1,0.999667,1,True
SpectrogramTransformer,1264,1,1.0,1,True
SpectrogramTransformer,1265,1,1.0,1,True
SpectrogramTransformer,1266,1,0.999997,1,True
SpectrogramTransformer,1267,1,1.0,1,True
SpectrogramTransformer,1268,1,1.0,1,True
SpectrogramTransformer,1269,1,0.999999,1,True
SpectrogramTransformer,1270,1,1.0,1,True
SpectrogramTransformer,1271,1,1.0,1,True
SpectrogramTransformer,1272,1,1.0,1,True
SpectrogramTransformer,1273,1,1.0,1,True
SpectrogramTransformer,1274,1,1.0,1,True
SpectrogramTransformer,1275,1,1.0,1,True
SpectrogramTransformer,1276,1,0.999905,1,True
SpectrogramTransformer,1277,1,1.0,1,True
SpectrogramTransformer,1278,1,1.0,1,True
SpectrogramTransformer,1279,1,0.999062,1,True
SpectrogramTransformer,1280,1,1.0,1,True
SpectrogramTransformer,1281,1,1.0,1,True
SpectrogramTransformer,1282,1,0.999999,1,True
SpectrogramTransformer,1283,1,1.0,1,True
SpectrogramTransformer,1284,1,1.0,1,True
SpectrogramTransformer,1285,1,1.0,1,True
SpectrogramTransformer,1286,1,1.0,1,True
SpectrogramTransformer,1287,1,0.999946,1,True
SpectrogramTransformer,1288,1,1.0,1,True
SpectrogramTransformer,1289,1,1.0,1,True
SpectrogramTransformer,1290,1,0.999999,1,True
SpectrogramTransformer,1291,1,1.0,1,True
SpectrogramTransformer,1292,1,1.0,1,True
SpectrogramTransformer,1293,1,1.0,1,True
SpectrogramTransformer,1294,1,1.0,1,True
SpectrogramTransformer,1295,1,1.0,1,True
SpectrogramTransformer,1296,1,1.0,1,True
SpectrogramTransformer,1297,1,1.0,1,True
SpectrogramTransformer,1298,1,1.0,1,True
SpectrogramTransformer,1299,1,1.0,1,True
SpectrogramTransformer,1300,1,1.0,1,True
SpectrogramTransformer,1301,1,0.999994,1,True
SpectrogramTransformer,1302,1,1.0,1,True
SpectrogramTransformer,1303,1,0.999999,1,True
SpectrogramTransformer,1304,1,1.0,1,True
SpectrogramTransformer,1305,1,1.0,1,True
SpectrogramTransformer,1306,1,1.0,1,True
SpectrogramTransformer,1307,1,1.0,1,True
SpectrogramTransformer,1308,1,1.0,1,True
SpectrogramTransformer,1309,1,1.0,1,True
SpectrogramTransformer,1310,1,0.999907,1,True
SpectrogramTransformer,1311,1,1.0,1,True
SpectrogramTransformer,1312,1,1.0,1,True
SpectrogramTransformer,1313,1,1.0,1,True
SpectrogramTransformer,1314,1,1.0,1,True
SpectrogramTransformer,1315,1,4.1e-05,0,False
SpectrogramTransformer,1316,1,1.0,1,True
SpectrogramTransformer,1317,1,1.0,1,True
SpectrogramTransformer,1318,1,1.0,1,True
SpectrogramTransformer,1319,1,1.0,1,True
SpectrogramTransformer,1320,1,0.999996,1,True
SpectrogramTransformer,1321,1,1.0,1,True
SpectrogramTransformer,1322,1,1.0,1,True
SpectrogramTransformer,1323,1,1.0,1,True
SpectrogramTransformer,1324,1,0.999878,1,True
SpectrogramTransformer,1325,1,1.0,1,True
SpectrogramTransformer,1326,1,1.0,1,True
SpectrogramTransformer,1327,1,1.0,1,True
SpectrogramTransformer,1328,1,1.0,1,True
SpectrogramTransformer,1329,1,0.999976,1,True
SpectrogramTransformer,1330,1,1.0,1,True
SpectrogramTransformer,1331,1,1.0,1,True
SpectrogramTransformer,1332,1,0.999999,1,True
SpectrogramTransformer,1333,1,1.0,1,True
SpectrogramTransformer,1334,1,1.0,1,True
SpectrogramTransformer,1335,1,1.0,1,True
SpectrogramTransformer,1336,1,1.0,1,True
SpectrogramTransformer,1337,1,1.0,1,True
SpectrogramTransformer,1338,1,0.999962,1,True
SpectrogramTransformer,1339,1,0.999628,1,True
SpectrogramTransformer,1340,1,0.998261,1,True
SpectrogramTransformer,1341,1,1.0,1,True
SpectrogramTransformer,1342,1,1.0,1,True
SpectrogramTransformer,1343,1,1.0,1,True
SpectrogramTransformer,1344,1,1.0,1,True
SpectrogramTransformer,1345,1,0.999998,1,True
SpectrogramTransformer,1346,1,0.999999,1,True
SpectrogramTransformer,1347,1,0.999999,1,True
SpectrogramTransformer,1348,1,1.0,1,True
SpectrogramTransformer,1349,1,1.0,1,True
SpectrogramTransformer,1350,1,0.999949,1,True
SpectrogramTransformer,1351,1,1.0,1,True
SpectrogramTransformer,1352,1,1.0,1,True
SpectrogramTransformer,1353,1,0.999997,1,True
SpectrogramTransformer,1354,1,0.999834,1,True
SpectrogramTransformer,1355,1,1.0,1,True
SpectrogramTransformer,1356,1,1.0,1,True
SpectrogramTransformer,1357,1,1.0,1,True
SpectrogramTransformer,1358,1,0.999999,1,True
SpectrogramTransformer,1359,1,1.0,1,True
SpectrogramTransformer,1360,1,0.99979,1,True
SpectrogramTransformer,1361,1,1.0,1,True
SpectrogramTransformer,1362,1,0.995824,1,True
SpectrogramTransformer,1363,1,4.9e-05,0,False
SpectrogramTransformer,1364,1,1.0,1,True
SpectrogramTransformer,1365,1,0.999999,1,True
SpectrogramTransformer,1366,1,1.0,1,True
SpectrogramTransformer,1367,1,1.5e-05,0,False
SpectrogramTransformer,1368,1,1.0,1,True
SpectrogramTransformer,1369,1,0.999999,1,True
SpectrogramTransformer,1370,1,0.999999,1,True
SpectrogramTransformer,1371,1,1.0,1,True
SpectrogramTransformer,1372,1,1.0,1,True
SpectrogramTransformer,1373,1,1.0,1,True
SpectrogramTransformer,1374,1,0.999999,1,True
SpectrogramTransformer,1375,1,0.99997,1,True
SpectrogramTransformer,1376,1,0.9992,1,True
SpectrogramTransformer,1377,1,0.999907,1,True
SpectrogramTransformer,1378,1,1.0,1,True
SpectrogramTransformer,1379,1,1.0,1,True
SpectrogramTransformer,1380,1,0.999998,1,True
SpectrogramTransformer,1381,1,1.0,1,True
SpectrogramTransformer,1382,1,1.0,1,True
SpectrogramTransformer,1383,1,0.999987,1,True
SpectrogramTransformer,1384,1,1.0,1,True
SpectrogramTransformer,1385,1,0.999985,1,True
SpectrogramTransformer,1386,1,0.999983,1,True
SpectrogramTransformer,1387,1,1.0,1,True
SpectrogramTransformer,1388,1,0.999986,1,True
SpectrogramTransformer,1389,1,0.999936,1,True
SpectrogramTransformer,1390,1,0.999999,1,True
SpectrogramTransformer,1391,1,1.0,1,True
SpectrogramTransformer,1392,1,0.999999,1,True
SpectrogramTransformer,1393,1,0.999999,1,True
SpectrogramTransformer,1394,1,0.999997,1,True
SpectrogramTransformer,1395,1,1.0,1,True
SpectrogramTransformer,1396,1,0.999999,1,True
SpectrogramTransformer,1397,1,1.0,1,True
SpectrogramTransformer,1398,1,1.0,1,True
SpectrogramTransformer,1399,1,1.0,1,True
SpectrogramTransformer,1400,1,1.0,1,True
SpectrogramTransformer,1401,1,1.0,1,True
SpectrogramTransformer,1402,1,1.0,1,True
SpectrogramTransformer,1403,1,0.994085,1,True
SpectrogramTransformer,1404,1,1.0,1,True
SpectrogramTransformer,1405,1,0.999999,1,True
SpectrogramTransformer,1406,1,1.0,1,True
SpectrogramTransformer,1407,1,0.999999,1,True
SpectrogramTransformer,1408,1,1.0,1,True
SpectrogramTransformer,1409,1,1.0,1,True
SpectrogramTransformer,1410,1,0.0,0,False
SpectrogramTransformer,1411,1,0.999997,1,True
SpectrogramTransformer,1412,1,0.999932,1,True
SpectrogramTransformer,1413,1,1.0,1,True
SpectrogramTransformer,1414,1,1.0,1,True
SpectrogramTransformer,1415,1,1.0,1,True
SpectrogramTransformer,1416,1,1.0,1,True
SpectrogramTransformer,1417,1,0.999996,1,True
SpectrogramTransformer,1418,1,0.999999,1,True
SpectrogramTransformer,1419,1,0.999997,1,True
SpectrogramTransformer,1420,1,1.0,1,True
SpectrogramTransformer,1421,1,0.999998,1,True
SpectrogramTransformer,1422,1,1.0,1,True
SpectrogramTransformer,1423,1,0.0,0,False
SpectrogramTransformer,1424,1,1.0,1,True
SpectrogramTransformer,1425,1,1.0,1,True
SpectrogramTransformer,1426,1,0.998263,1,True
SpectrogramTransformer,1427,1,1.0,1,True
SpectrogramTransformer,1428,1,1.0,1,True
SpectrogramTransformer,1429,1,0.999994,1,True
SpectrogramTransformer,1430,1,0.999959,1,True
SpectrogramTransformer,1431,1,0.000342,0,False
SpectrogramTransformer,1432,1,1.0,1,True
SpectrogramTransformer,1433,1,0.99992,1,True
SpectrogramTransformer,1434,1,0.999999,1,True
SpectrogramTransformer,1435,1,0.998997,1,True
SpectrogramTransformer,1436,1,0.999999,1,True
SpectrogramTransformer,1437,1,0.999999,1,True
SpectrogramTransformer,1438,1,0.999997,1,True
SpectrogramTransformer,1439,1,1.0,1,True
SpectrogramTransformer,1440,1,0.002192,0,False
SpectrogramTransformer,1441,1,1.0,1,True
SpectrogramTransformer,1442,1,0.999999,1,True
SpectrogramTransformer,1443,1,0.999969,1,True
SpectrogramTransformer,1444,1,0.999999,1,True
SpectrogramTransformer,1445,1,0.999986,1,True
SpectrogramTransformer,1446,1,1.0,1,True
SpectrogramTransformer,1447,1,1.0,1,True
SpectrogramTransformer,1448,1,1.0,1,True
SpectrogramTransformer,1449,1,0.999999,1,True
SpectrogramTransformer,1450,1,3e-06,0,False
SpectrogramTransformer,1451,1,0.999985,1,True
SpectrogramTransformer,1452,1,1.0,1,True
SpectrogramTransformer,1453,1,1.0,1,True
SpectrogramTransformer,1454,1,1.0,1,True
SpectrogramTransformer,1455,1,1.0,1,True
SpectrogramTransformer,1456,1,0.999999,1,True
SpectrogramTransformer,1457,1,1.0,1,True
SpectrogramTransformer,1458,1,1.0,1,True
SpectrogramTransformer,1459,1,1.0,1,True
SpectrogramTransformer,1460,1,0.999999,1,True
SpectrogramTransformer,1461,1,0.999999,1,True
SpectrogramTransformer,1462,1,0.999999,1,True
SpectrogramTransformer,1463,1,1.0,1,True
SpectrogramTransformer,1464,1,1.0,1,True
SpectrogramTransformer,1465,1,1.0,1,True
SpectrogramTransformer,1466,1,0.999999,1,True
SpectrogramTransformer,1467,1,5.6e-05,0,False
SpectrogramTransformer,1468,1,0.999998,1,True
SpectrogramTransformer,1469,1,1.0,1,True
SpectrogramTransformer,1470,1,0.999999,1,True
SpectrogramTransformer,1471,1,0.999987,1,True
SpectrogramTransformer,1472,1,1.0,1,True
SpectrogramTransformer,1473,1,1.0,1,True
SpectrogramTransformer,1474,1,1.0,1,True
SpectrogramTransformer,1475,1,1.0,1,True
SpectrogramTransformer,1476,1,1.0,1,True
SpectrogramTransformer,1477,1,1e-06,0,False
SpectrogramTransformer,1478,1,0.999999,1,True
SpectrogramTransformer,1479,1,1.0,1,True
SpectrogramTransformer,1480,1,1.0,1,True
SpectrogramTransformer,1481,1,0.999999,1,True
SpectrogramTransformer,1482,1,5.5e-05,0,False
SpectrogramTransformer,1483,1,1.0,1,True
SpectrogramTransformer,1484,1,1.0,1,True
SpectrogramTransformer,1485,1,0.999999,1,True
SpectrogramTransformer,1486,1,1.0,1,True
SpectrogramTransformer,1487,1,1.0,1,True
SpectrogramTransformer,1488,1,0.999996,1,True
SpectrogramTransformer,1489,1,0.999996,1,True
SpectrogramTransformer,1490,1,1.0,1,True
SpectrogramTransformer,1491,1,1.0,1,True
SpectrogramTransformer,1492,1,1.0,1,True
SpectrogramTransformer,1493,1,1.0,1,True
SpectrogramTransformer,1494,1,1.0,1,True
SpectrogramTransformer,1495,1,1.0,1,True
SpectrogramTransformer,1496,1,0.999996,1,True
SpectrogramTransformer,1497,1,1.0,1,True
SpectrogramTransformer,1498,1,0.999993,1,True
SpectrogramTransformer,1499,1,0.999998,1,True
SpectrogramTransformer,1500,1,1.0,1,True
SpectrogramTransformer,1501,1,1.0,1,True
SpectrogramTransformer,1502,1,1.0,1,True
SpectrogramTransformer,1503,1,0.999997,1,True
SpectrogramTransformer,1504,1,0.999968,1,True
SpectrogramTransformer,1505,1,0.999999,1,True
SpectrogramTransformer,1506,1,0.854411,1,True
SpectrogramTransformer,1507,1,1.0,1,True
SpectrogramTransformer,1508,1,1.0,1,True
SpectrogramTransformer,1509,1,1.0,1,True
SpectrogramTransformer,1510,1,1.0,1,True
SpectrogramTransformer,1511,1,6.8e-05,0,False
SpectrogramTransformer,1512,1,1.0,1,True
SpectrogramTransformer,1513,1,1.0,1,True
SpectrogramTransformer,1514,1,0.999261,1,True
SpectrogramTransformer,1515,1,1.0,1,True
SpectrogramTransformer,1516,1,0.999998,1,True
SpectrogramTransformer,1517,1,0.997517,1,True
SpectrogramTransformer,1518,1,0.999993,1,True
SpectrogramTransformer,1519,1,1.0,1,True
SpectrogramTransformer,1520,1,1.0,1,True
SpectrogramTransformer,1521,1,1.0,1,True
SpectrogramTransformer,1522,1,0.999996,1,True
SpectrogramTransformer,1523,1,0.999999,1,True
SpectrogramTransformer,1524,1,1.0,1,True
SpectrogramTransformer,1525,1,1.0,1,True
SpectrogramTransformer,1526,1,1.0,1,True
SpectrogramTransformer,1527,1,0.999754,1,True
SpectrogramTransformer,1528,1,1.0,1,True
SpectrogramTransformer,1529,1,1.0,1,True
SpectrogramTransformer,1530,1,0.999993,1,True
SpectrogramTransformer,1531,1,1.0,1,True
SpectrogramTransformer,1532,1,0.999997,1,True
SpectrogramTransformer,1533,1,1.0,1,True
SpectrogramTransformer,1534,1,1.0,1,True
SpectrogramTransformer,1535,1,6.2e-05,0,False
SpectrogramTransformer,1536,1,1.0,1,True
SpectrogramTransformer,1537,1,0.999999,1,True
SpectrogramTransformer,1538,1,1.0,1,True
SpectrogramTransformer,1539,1,0.999999,1,True
SpectrogramTransformer,1540,1,0.964172,1,True
SpectrogramTransformer,1541,1,0.999967,1,True
SpectrogramTransformer,1542,1,0.999999,1,True
SpectrogramTransformer,1543,1,1.0,1,True
SpectrogramTransformer,1544,1,0.999997,1,True
SpectrogramTransformer,1545,1,1.0,1,True
SpectrogramTransformer,1546,1,1.0,1,True
SpectrogramTransformer,1547,1,0.999999,1,True
SpectrogramTransformer,1548,1,1.0,1,True
SpectrogramTransformer,1549,1,0.999954,1,True
SpectrogramTransformer,1550,1,1.0,1,True
SpectrogramTransformer,1551,1,0.999992,1,True
SpectrogramTransformer,1552,1,1.0,1,True
SpectrogramTransformer,1553,1,1.0,1,True
SpectrogramTransformer,1554,1,1.0,1,True
SpectrogramTransformer,1555,1,1.0,1,True
SpectrogramTransformer,1556,1,0.999999,1,True
SpectrogramTransformer,1557,1,1.0,1,True
SpectrogramTransformer,1558,1,1.0,1,True
SpectrogramTransformer,1559,1,0.999999,1,True
SpectrogramTransformer,1560,1,1.0,1,True
SpectrogramTransformer,1561,1,1.0,1,True
SpectrogramTransformer,1562,1,0.999999,1,True
SpectrogramTransformer,1563,1,1.0,1,True
SpectrogramTransformer,1564,1,0.999998,1,True
SpectrogramTransformer,1565,1,1.0,1,True
SpectrogramTransformer,1566,1,0.999999,1,True
SpectrogramTransformer,1567,1,1.0,1,True
SpectrogramTransformer,1568,1,0.999999,1,True
SpectrogramTransformer,1569,1,0.999999,1,True
SpectrogramTransformer,1570,1,1.0,1,True
SpectrogramTransformer,1571,1,1.0,1,True
SpectrogramTransformer,1572,1,1.0,1,True
SpectrogramTransformer,1573,1,1.0,1,True
SpectrogramTransformer,1574,1,1.0,1,True
SpectrogramTransformer,1575,1,0.999984,1,True
SpectrogramTransformer,1576,1,1.0,1,True
SpectrogramTransformer,1577,1,1.0,1,True
SpectrogramTransformer,1578,1,1.0,1,True
SpectrogramTransformer,1579,1,1.0,1,True
SpectrogramTransformer,1580,1,0.995423,1,True
SpectrogramTransformer,1581,1,1.0,1,True
SpectrogramTransformer,1582,1,1e-06,0,False
SpectrogramTransformer,1583,1,0.999994,1,True
SpectrogramTransformer,1584,1,1.0,1,True
SpectrogramTransformer,1585,1,1.0,1,True
SpectrogramTransformer,1586,1,0.999999,1,True
SpectrogramTransformer,1587,1,1.0,1,True
SpectrogramTransformer,1588,1,0.0,0,False
SpectrogramTransformer,1589,1,1.0,1,True
SpectrogramTransformer,1590,1,1.0,1,True
SpectrogramTransformer,1591,1,1.0,1,True
SpectrogramTransformer,1592,1,1.0,1,True
SpectrogramTransformer,1593,1,1.0,1,True
SpectrogramTransformer,1594,1,1.0,1,True
SpectrogramTransformer,1595,1,0.999999,1,True
SpectrogramTransformer,1596,1,0.999999,1,True
SpectrogramTransformer,1597,1,0.999999,1,True
SpectrogramTransformer,1598,1,0.999999,1,True
SpectrogramTransformer,1599,1,0.999999,1,True
SpectrogramTransformer,1600,1,1.0,1,True
SpectrogramTransformer,1601,1,1.0,1,True
SpectrogramTransformer,1602,1,1.0,1,True
SpectrogramTransformer,1603,1,1.0,1,True
SpectrogramTransformer,1604,1,1.0,1,True
SpectrogramTransformer,1605,1,0.999995,1,True
SpectrogramTransformer,1606,1,1.0,1,True
SpectrogramTransformer,1607,1,0.999999,1,True
SpectrogramTransformer,1608,1,1.0,1,True
SpectrogramTransformer,1609,1,1.0,1,True
SpectrogramTransformer,1610,1,1.0,1,True
SpectrogramTransformer,1611,1,1.0,1,True
SpectrogramTransformer,1612,1,0.998448,1,True
SpectrogramTransformer,1613,1,1.0,1,True
SpectrogramTransformer,1614,1,1.0,1,True
SpectrogramTransformer,1615,1,1.0,1,True
SpectrogramTransformer,1616,1,0.999999,1,True
SpectrogramTransformer,1617,1,1.0,1,True
SpectrogramTransformer,1618,1,0.999972,1,True
SpectrogramTransformer,1619,1,0.999998,1,True
SpectrogramTransformer,1620,1,0.999995,1,True
SpectrogramTransformer,1621,1,1.0,1,True
SpectrogramTransformer,1622,1,1.0,1,True
SpectrogramTransformer,1623,1,0.999992,1,True
SpectrogramTransformer,1624,1,1.0,1,True
SpectrogramTransformer,1625,1,1.0,1,True
SpectrogramTransformer,1626,1,1.0,1,True
SpectrogramTransformer,1627,1,3.2e-05,0,False
SpectrogramTransformer,1628,1,1.0,1,True
SpectrogramTransformer,1629,1,0.999999,1,True
SpectrogramTransformer,1630,1,0.999997,1,True
SpectrogramTransformer,1631,1,1.0,1,True
SpectrogramTransformer,1632,1,0.999997,1,True
SpectrogramTransformer,1633,1,1.0,1,True
SpectrogramTransformer,1634,1,1.0,1,True
SpectrogramTransformer,1635,1,1.0,1,True
SpectrogramTransformer,1636,1,1.0,1,True
SpectrogramTransformer,1637,1,0.999347,1,True
SpectrogramTransformer,1638,1,1.0,1,True
SpectrogramTransformer,1639,1,1.0,1,True
SpectrogramTransformer,1640,1,0.999998,1,True
SpectrogramTransformer,1641,1,1.0,1,True
SpectrogramTransformer,1642,1,1.0,1,True
SpectrogramTransformer,1643,1,0.999999,1,True
SpectrogramTransformer,1644,1,1.0,1,True
SpectrogramTransformer,1645,1,0.999992,1,True
SpectrogramTransformer,1646,1,0.999999,1,True
SpectrogramTransformer,1647,1,0.999936,1,True
SpectrogramTransformer,1648,1,1.0,1,True
SpectrogramTransformer,1649,1,0.999685,1,True
SpectrogramTransformer,1650,1,0.999999,1,True
SpectrogramTransformer,1651,1,1.0,1,True
SpectrogramTransformer,1652,1,1.0,1,True
SpectrogramTransformer,1653,1,1.0,1,True
SpectrogramTransformer,1654,1,1.0,1,True
SpectrogramTransformer,1655,1,1.0,1,True
SpectrogramTransformer,1656,1,1.0,1,True
SpectrogramTransformer,1657,1,0.999999,1,True
SpectrogramTransformer,1658,1,1.0,1,True
SpectrogramTransformer,1659,1,0.999992,1,True
SpectrogramTransformer,1660,1,1.0,1,True
SpectrogramTransformer,1661,1,1.0,1,True
SpectrogramTransformer,1662,1,9e-06,0,False
SpectrogramTransformer,1663,1,1.0,1,True
SpectrogramTransformer,1664,1,0.996012,1,True
SpectrogramTransformer,1665,1,1.0,1,True
SpectrogramTransformer,1666,1,0.999998,1,True
SpectrogramTransformer,1667,1,3.1e-05,0,False
SpectrogramTransformer,1668,1,1.0,1,True
SpectrogramTransformer,1669,1,0.999999,1,True
SpectrogramTransformer,1670,1,0.999998,1,True
SpectrogramTransformer,1671,1,0.999998,1,True
SpectrogramTransformer,1672,1,1.0,1,True
SpectrogramTransformer,1673,1,1.0,1,True
SpectrogramTransformer,1674,1,0.999914,1,True
SpectrogramTransformer,1675,1,0.999999,1,True
SpectrogramTransformer,1676,1,0.999998,1,True
SpectrogramTransformer,1677,1,0.999999,1,True
SpectrogramTransformer,1678,1,0.999992,1,True
SpectrogramTransformer,1679,1,1.0,1,True
SpectrogramTransformer,1680,1,1.0,1,True
SpectrogramTransformer,1681,1,1.0,1,True
SpectrogramTransformer,1682,1,1.0,1,True
SpectrogramTransformer,1683,1,1.0,1,True
SpectrogramTransformer,1684,1,1.0,1,True
SpectrogramTransformer,1685,1,1.0,1,True
SpectrogramTransformer,1686,1,1.0,1,True
SpectrogramTransformer,1687,1,0.99975,1,True
SpectrogramTransformer,1688,1,1.0,1,True
SpectrogramTransformer,1689,1,1.0,1,True
SpectrogramTransformer,1690,1,7.2e-05,0,False
SpectrogramTransformer,1691,1,1.0,1,True
SpectrogramTransformer,1692,1,1.0,1,True
SpectrogramTransformer,1693,1,1.0,1,True
SpectrogramTransformer,1694,1,1.0,1,True
SpectrogramTransformer,1695,1,1.0,1,True
SpectrogramTransformer,1696,1,1.0,1,True
SpectrogramTransformer,1697,1,1.0,1,True
SpectrogramTransformer,1698,1,1.0,1,True
SpectrogramTransformer,1699,1,1.0,1,True
SpectrogramTransformer,1700,1,1.0,1,True
SpectrogramTransformer,1701,1,0.999998,1,True
SpectrogramTransformer,1702,1,0.999997,1,True
SpectrogramTransformer,1703,1,1.0,1,True
SpectrogramTransformer,1704,1,1.0,1,True
SpectrogramTransformer,1705,1,0.999999,1,True
SpectrogramTransformer,1706,1,1.0,1,True
SpectrogramTransformer,1707,1,1.0,1,True
SpectrogramTransformer,1708,1,1.0,1,True
SpectrogramTransformer,1709,1,1.0,1,True
SpectrogramTransformer,1710,1,0.999999,1,True
SpectrogramTransformer,1711,1,0.0,0,False
SpectrogramTransformer,1712,1,1.0,1,True
SpectrogramTransformer,1713,1,1.0,1,True
SpectrogramTransformer,1714,1,0.999999,1,True
SpectrogramTransformer,1715,1,1.0,1,True
SpectrogramTransformer,1716,1,1.0,1,True
SpectrogramTransformer,1717,1,0.999998,1,True
SpectrogramTransformer,1718,1,1.0,1,True
SpectrogramTransformer,1719,1,1.0,1,True
SpectrogramTransformer,1720,1,0.999992,1,True
SpectrogramTransformer,1721,1,1.0,1,True
SpectrogramTransformer,1722,1,0.998433,1,True
SpectrogramTransformer,1723,1,1.0,1,True
SpectrogramTransformer,1724,1,1.0,1,True
SpectrogramTransformer,1725,1,1.0,1,True
SpectrogramTransformer,1726,1,1.0,1,True
SpectrogramTransformer,1727,1,1.0,1,True
SpectrogramTransformer,1728,1,1.0,1,True
SpectrogramTransformer,1729,1,1.0,1,True
SpectrogramTransformer,1730,1,1.0,1,True
SpectrogramTransformer,1731,1,0.999929,1,True
SpectrogramTransformer,1732,1,1.0,1,True
SpectrogramTransformer,1733,1,0.999999,1,True
SpectrogramTransformer,1734,1,1.0,1,True
SpectrogramTransformer,1735,1,0.999999,1,True
SpectrogramTransformer,1736,1,1.0,1,True
SpectrogramTransformer,1737,1,1.0,1,True
SpectrogramTransformer,1738,1,1.0,1,True
SpectrogramTransformer,1739,1,1.0,1,True
SpectrogramTransformer,1740,1,0.999993,1,True
SpectrogramTransformer,1741,1,1.0,1,True
SpectrogramTransformer,1742,1,1.0,1,True
SpectrogramTransformer,1743,1,0.999889,1,True
SpectrogramTransformer,1744,1,1.0,1,True
SpectrogramTransformer,1745,1,1.0,1,True
SpectrogramTransformer,1746,1,1.0,1,True
SpectrogramTransformer,1747,1,1.0,1,True
SpectrogramTransformer,1748,1,1.0,1,True
SpectrogramTransformer,1749,1,1.0,1,True
SpectrogramTransformer,1750,1,1.0,1,True
SpectrogramTransformer,1751,1,1.0,1,True
SpectrogramTransformer,1752,1,1.0,1,True
SpectrogramTransformer,1753,1,1.0,1,True
SpectrogramTransformer,1754,1,1.0,1,True
SpectrogramTransformer,1755,1,1.0,1,True
SpectrogramTransformer,1756,1,0.999999,1,True
SpectrogramTransformer,1757,1,1.0,1,True
SpectrogramTransformer,1758,1,1.0,1,True
SpectrogramTransformer,1759,1,1.0,1,True
SpectrogramTransformer,1760,1,1.0,1,True
SpectrogramTransformer,1761,1,0.99684,1,True
SpectrogramTransformer,1762,1,1.0,1,True
SpectrogramTransformer,1763,1,1.0,1,True
SpectrogramTransformer,1764,1,1.0,1,True
SpectrogramTransformer,1765,1,1.0,1,True
SpectrogramTransformer,1766,1,1.0,1,True
SpectrogramTransformer,1767,1,0.999999,1,True
SpectrogramTransformer,1768,1,1.0,1,True
SpectrogramTransformer,1769,1,0.999933,1,True
SpectrogramTransformer,1770,1,1.0,1,True
SpectrogramTransformer,1771,1,1.0,1,True
SpectrogramTransformer,1772,1,1.0,1,True
SpectrogramTransformer,1773,1,1.0,1,True
SpectrogramTransformer,1774,1,0.999999,1,True
SpectrogramTransformer,1775,1,1.0,1,True
SpectrogramTransformer,1776,1,1.0,1,True
SpectrogramTransformer,1777,1,1.0,1,True
SpectrogramTransformer,1778,1,1.0,1,True
SpectrogramTransformer,1779,1,1.0,1,True
SpectrogramTransformer,1780,1,1.0,1,True
SpectrogramTransformer,1781,1,1.0,1,True
SpectrogramTransformer,1782,1,1.0,1,True
SpectrogramTransformer,1783,1,1e-06,0,False
SpectrogramTransformer,1784,1,1.0,1,True
SpectrogramTransformer,1785,1,1.0,1,True
SpectrogramTransformer,1786,1,1.0,1,True
SpectrogramTransformer,1787,1,1.0,1,True
SpectrogramTransformer,1788,1,1.0,1,True
SpectrogramTransformer,1789,1,1.0,1,True
SpectrogramTransformer,1790,1,1.0,1,True
SpectrogramTransformer,1791,1,1.0,1,True
SpectrogramTransformer,1792,1,1.0,1,True
SpectrogramTransformer,1793,1,1.0,1,True
SpectrogramTransformer,1794,1,0.999999,1,True
SpectrogramTransformer,1795,1,1.0,1,True
SpectrogramTransformer,1796,1,1.0,1,True
SpectrogramTransformer,1797,1,1.0,1,True
SpectrogramTransformer,1798,1,1.0,1,True
SpectrogramTransformer,1799,1,1.0,1,True
SpectrogramTransformer,1800,1,0.999998,1,True
SpectrogramTransformer,1801,1,0.999977,1,True
SpectrogramTransformer,1802,1,1.0,1,True
SpectrogramTransformer,1803,1,1.0,1,True
SpectrogramTransformer,1804,1,1.0,1,True
SpectrogramTransformer,1805,1,1.0,1,True
SpectrogramTransformer,1806,1,1.0,1,True
SpectrogramTransformer,1807,1,1.0,1,True
SpectrogramTransformer,1808,1,1.0,1,True
SpectrogramTransformer,1809,1,0.999999,1,True
SpectrogramTransformer,1810,1,1.0,1,True
SpectrogramTransformer,1811,1,1.0,1,True
SpectrogramTransformer,1812,1,0.999999,1,True
SpectrogramTransformer,1813,1,0.999998,1,True
SpectrogramTransformer,1814,1,0.999999,1,True
SpectrogramTransformer,1815,1,1.0,1,True
SpectrogramTransformer,1816,1,0.999999,1,True
SpectrogramTransformer,1817,1,0.999999,1,True
SpectrogramTransformer,1818,1,1.0,1,True
SpectrogramTransformer,1819,1,1.0,1,True
SpectrogramTransformer,1820,1,1.0,1,True
SpectrogramTransformer,1821,1,1.0,1,True
SpectrogramTransformer,1822,1,1.0,1,True
SpectrogramTransformer,1823,1,0.999999,1,True
SpectrogramTransformer,1824,1,1.0,1,True
SpectrogramTransformer,1825,1,1.0,1,True
SpectrogramTransformer,1826,1,1.0,1,True
SpectrogramTransformer,1827,1,0.999999,1,True
SpectrogramTransformer,1828,1,1.0,1,True
SpectrogramTransformer,1829,1,1.0,1,True
SpectrogramTransformer,1830,1,0.99999,1,True
SpectrogramTransformer,1831,1,1.0,1,True
SpectrogramTransformer,1832,1,1.0,1,True
SpectrogramTransformer,1833,1,1.0,1,True
SpectrogramTransformer,1834,1,1.0,1,True
SpectrogramTransformer,1835,1,0.999999,1,True
SpectrogramTransformer,1836,1,0.996319,1,True
SpectrogramTransformer,1837,1,1.0,1,True
SpectrogramTransformer,1838,1,1.0,1,True
SpectrogramTransformer,1839,1,7.7e-05,0,False
SpectrogramTransformer,1840,1,1.0,1,True
SpectrogramTransformer,1841,1,0.999599,1,True
SpectrogramTransformer,1842,1,1.0,1,True
SpectrogramTransformer,1843,1,0.999974,1,True
SpectrogramTransformer,1844,1,0.99979,1,True
SpectrogramTransformer,1845,1,0.999998,1,True
SpectrogramTransformer,1846,1,1.0,1,True
SpectrogramTransformer,1847,1,0.999996,1,True
SpectrogramTransformer,1848,1,1.0,1,True
SpectrogramTransformer,1849,1,1.0,1,True
SpectrogramTransformer,1850,1,0.999978,1,True
SpectrogramTransformer,1851,1,0.999999,1,True
SpectrogramTransformer,1852,1,1.0,1,True
SpectrogramTransformer,1853,1,1.0,1,True
SpectrogramTransformer,1854,1,1.0,1,True
SpectrogramTransformer,1855,1,1.0,1,True
SpectrogramTransformer,1856,1,0.999999,1,True
SpectrogramTransformer,1857,1,1.4e-05,0,False
SpectrogramTransformer,1858,1,0.98287,1,True
SpectrogramTransformer,1859,1,0.999998,1,True
SpectrogramTransformer,1860,1,1.0,1,True
SpectrogramTransformer,1861,1,1.0,1,True
SpectrogramTransformer,1862,1,1.0,1,True
SpectrogramTransformer,1863,1,0.999898,1,True
SpectrogramTransformer,1864,1,1.0,1,True
SpectrogramTransformer,1865,1,1.0,1,True
SpectrogramTransformer,1866,1,1.0,1,True
SpectrogramTransformer,1867,1,1.0,1,True
SpectrogramTransformer,1868,1,1.0,1,True
SpectrogramTransformer,1869,1,1.0,1,True
SpectrogramTransformer,1870,1,0.999946,1,True
SpectrogramTransformer,1871,1,1.0,1,True
SpectrogramTransformer,1872,1,1.0,1,True
SpectrogramTransformer,1873,1,1.0,1,True
SpectrogramTransformer,1874,1,0.999999,1,True
SpectrogramTransformer,1875,1,1.0,1,True
SpectrogramTransformer,1876,1,0.999694,1,True
SpectrogramTransformer,1877,1,1.0,1,True
SpectrogramTransformer,1878,1,0.999994,1,True
SpectrogramTransformer,1879,1,0.999999,1,True
SpectrogramTransformer,1880,1,0.999997,1,True
SpectrogramTransformer,1881,1,1.0,1,True
SpectrogramTransformer,1882,1,1.0,1,True
SpectrogramTransformer,1883,1,1.0,1,True
SpectrogramTransformer,1884,1,0.99999,1,True
SpectrogramTransformer,1885,1,1.0,1,True
SpectrogramTransformer,1886,1,4e-05,0,False
SpectrogramTransformer,1887,1,1.0,1,True
SpectrogramTransformer,1888,1,0.999997,1,True
SpectrogramTransformer,1889,1,1.0,1,True
SpectrogramTransformer,1890,1,0.999835,1,True
SpectrogramTransformer,1891,1,1.0,1,True
SpectrogramTransformer,1892,1,1.0,1,True
SpectrogramTransformer,1893,1,1.0,1,True
SpectrogramTransformer,1894,1,0.999998,1,True
SpectrogramTransformer,1895,1,0.999752,1,True
SpectrogramTransformer,1896,1,1.0,1,True
SpectrogramTransformer,1897,1,1.0,1,True
SpectrogramTransformer,1898,1,4.6e-05,0,False
SpectrogramTransformer,1899,1,0.999987,1,True
SpectrogramTransformer,1900,1,1.0,1,True
SpectrogramTransformer,1901,1,1.0,1,True
SpectrogramTransformer,1902,1,1.0,1,True
SpectrogramTransformer,1903,1,0.999998,1,True
SpectrogramTransformer,1904,1,1.0,1,True
SpectrogramTransformer,1905,1,1.0,1,True
SpectrogramTransformer,1906,1,1.0,1,True
SpectrogramTransformer,1907,1,1.0,1,True
SpectrogramTransformer,1908,1,1.0,1,True
SpectrogramTransformer,1909,1,0.999999,1,True
SpectrogramTransformer,1910,1,0.999998,1,True
SpectrogramTransformer,1911,1,1.0,1,True
SpectrogramTransformer,1912,1,1.0,1,True
SpectrogramTransformer,1913,1,1.0,1,True
SpectrogramTransformer,1914,1,1.0,1,True
SpectrogramTransformer,1915,1,0.999998,1,True
SpectrogramTransformer,1916,1,1.0,1,True
SpectrogramTransformer,1917,1,1.0,1,True
SpectrogramTransformer,1918,1,1.0,1,True
SpectrogramTransformer,1919,1,1.0,1,True
SpectrogramTransformer,1920,1,1.0,1,True
SpectrogramTransformer,1921,1,1.0,1,True
SpectrogramTransformer,1922,1,1.0,1,True
SpectrogramTransformer,1923,1,0.999999,1,True
SpectrogramTransformer,1924,1,1.0,1,True
SpectrogramTransformer,1925,1,1.0,1,True
SpectrogramTransformer,1926,1,0.999999,1,True
SpectrogramTransformer,1927,1,0.999999,1,True
SpectrogramTransformer,1928,1,1.0,1,True
SpectrogramTransformer,1929,1,0.999999,1,True
SpectrogramTransformer,1930,1,1.0,1,True
SpectrogramTransformer,1931,1,1.0,1,True
SpectrogramTransformer,1932,1,1.0,1,True
SpectrogramTransformer,1933,1,1.0,1,True
SpectrogramTransformer,1934,1,1.0,1,True
SpectrogramTransformer,1935,1,1.0,1,True
SpectrogramTransformer,1936,1,0.999998,1,True
SpectrogramTransformer,1937,1,1.0,1,True
SpectrogramTransformer,1938,1,1.0,1,True
SpectrogramTransformer,1939,1,1.0,1,True
SpectrogramTransformer,1940,1,0.999944,1,True
SpectrogramTransformer,1941,1,1.0,1,True
SpectrogramTransformer,1942,1,1.0,1,True
SpectrogramTransformer,1943,1,1.0,1,True
SpectrogramTransformer,1944,1,1.0,1,True
SpectrogramTransformer,1945,1,0.999998,1,True
SpectrogramTransformer,1946,1,1.0,1,True
SpectrogramTransformer,1947,1,0.999999,1,True
SpectrogramTransformer,1948,1,1.0,1,True
SpectrogramTransformer,1949,1,9e-06,0,False
SpectrogramTransformer,1950,1,1.0,1,True
SpectrogramTransformer,1951,1,0.0,0,False
SpectrogramTransformer,1952,1,1.0,1,True
SpectrogramTransformer,1953,1,0.999999,1,True
SpectrogramTransformer,1954,1,1.0,1,True
SpectrogramTransformer,1955,1,0.999999,1,True
SpectrogramTransformer,1956,1,1.0,1,True
SpectrogramTransformer,1957,1,1.0,1,True
SpectrogramTransformer,1958,1,1.0,1,True
SpectrogramTransformer,1959,1,1.0,1,True
SpectrogramTransformer,1960,1,0.999999,1,True
SpectrogramTransformer,1961,1,1.0,1,True
SpectrogramTransformer,1962,1,1.0,1,True
SpectrogramTransformer,1963,1,1.0,1,True
SpectrogramTransformer,1964,1,1.0,1,True
SpectrogramTransformer,1965,1,0.999999,1,True
SpectrogramTransformer,1966,1,7.1e-05,0,False
SpectrogramTransformer,1967,1,0.999996,1,True
SpectrogramTransformer,1968,1,1.0,1,True
SpectrogramTransformer,1969,1,0.999998,1,True
SpectrogramTransformer,1970,1,0.999946,1,True
SpectrogramTransformer,1971,1,1.0,1,True
SpectrogramTransformer,1972,1,1.0,1,True
SpectrogramTransformer,1973,1,0.999998,1,True
SpectrogramTransformer,1974,1,0.999997,1,True
SpectrogramTransformer,1975,1,0.999999,1,True
SpectrogramTransformer,1976,1,0.999537,1,True
SpectrogramTransformer,1977,1,1.0,1,True
SpectrogramTransformer,1978,1,1.0,1,True
SpectrogramTransformer,1979,1,1.0,1,True
SpectrogramTransformer,1980,1,1.0,1,True
SpectrogramTransformer,1981,1,1.0,1,True
SpectrogramTransformer,1982,1,1.0,1,True
SpectrogramTransformer,1983,1,0.999999,1,True
SpectrogramTransformer,1984,1,1.0,1,True
SpectrogramTransformer,1985,1,1.0,1,True
SpectrogramTransformer,1986,1,1.0,1,True
SpectrogramTransformer,1987,1,1.0,1,True
SpectrogramTransformer,1988,1,0.999997,1,True
SpectrogramTransformer,1989,1,0.999999,1,True
SpectrogramTransformer,1990,1,0.999994,1,True
SpectrogramTransformer,1991,1,1.0,1,True
SpectrogramTransformer,1992,1,1.0,1,True
SpectrogramTransformer,1993,1,1.0,1,True
SpectrogramTransformer,1994,1,0.999997,1,True
SpectrogramTransformer,1995,1,0.999999,1,True
SpectrogramTransformer,1996,1,1.0,1,True
SpectrogramTransformer,1997,1,1.0,1,True
SpectrogramTransformer,1998,1,1.0,1,True
SpectrogramTransformer,1999,1,0.999999,1,True
SpectrogramTransformer,2000,1,1.0,1,True
SpectrogramTransformer,2001,1,1.0,1,True
SpectrogramTransformer,2002,1,0.999864,1,True
SpectrogramTransformer,2003,1,1.0,1,True
SpectrogramTransformer,2004,1,1.0,1,True
SpectrogramTransformer,2005,1,1.0,1,True
SpectrogramTransformer,2006,1,5e-06,0,False
SpectrogramTransformer,2007,1,0.998648,1,True
SpectrogramTransformer,2008,1,1.0,1,True
SpectrogramTransformer,2009,1,1.0,1,True
SpectrogramTransformer,2010,1,0.999999,1,True
SpectrogramTransformer,2011,1,0.999876,1,True
SpectrogramTransformer,2012,1,1.0,1,True
SpectrogramTransformer,2013,1,0.999976,1,True
SpectrogramTransformer,2014,1,1.0,1,True
SpectrogramTransformer,2015,1,0.991661,1,True
SpectrogramTransformer,2016,1,1.0,1,True
SpectrogramTransformer,2017,1,0.999999,1,True
SpectrogramTransformer,2018,1,0.999999,1,True
SpectrogramTransformer,2019,1,1.0,1,True
SpectrogramTransformer,2020,1,1.0,1,True
SpectrogramTransformer,2021,1,0.999992,1,True
SpectrogramTransformer,2022,1,0.757401,1,True
SpectrogramTransformer,2023,1,1.0,1,True
SpectrogramTransformer,2024,1,1.0,1,True
SpectrogramTransformer,2025,1,0.999989,1,True
SpectrogramTransformer,2026,1,1.0,1,True
SpectrogramTransformer,2027,1,1.0,1,True
SpectrogramTransformer,2028,1,0.999751,1,True
SpectrogramTransformer,2029,1,1.0,1,True
SpectrogramTransformer,2030,1,1.0,1,True
SpectrogramTransformer,2031,1,0.0,0,False
SpectrogramTransformer,2032,1,1.0,1,True
SpectrogramTransformer,2033,1,1.0,1,True
SpectrogramTransformer,2034,1,0.999998,1,True
SpectrogramTransformer,2035,1,0.999997,1,True
SpectrogramTransformer,2036,1,0.999981,1,True
SpectrogramTransformer,2037,1,0.999999,1,True
SpectrogramTransformer,2038,1,0.999855,1,True
SpectrogramTransformer,2039,1,1.0,1,True
SpectrogramTransformer,2040,1,0.998923,1,True
SpectrogramTransformer,2041,1,1.0,1,True
SpectrogramTransformer,2042,1,0.999992,1,True
SpectrogramTransformer,2043,1,1.0,1,True
SpectrogramTransformer,2044,1,0.999999,1,True
SpectrogramTransformer,2045,1,0.999982,1,True
SpectrogramTransformer,2046,1,1.0,1,True
SpectrogramTransformer,2047,1,1.0,1,True
SpectrogramTransformer,2048,1,1.0,1,True
SpectrogramTransformer,2049,1,0.999999,1,True
SpectrogramTransformer,2050,1,0.999984,1,True
SpectrogramTransformer,2051,1,1.0,1,True
SpectrogramTransformer,2052,1,1.0,1,True
SpectrogramTransformer,2053,1,0.999999,1,True
SpectrogramTransformer,2054,1,1.0,1,True
SpectrogramTransformer,2055,1,0.999999,1,True
SpectrogramTransformer,2056,1,1.0,1,True
SpectrogramTransformer,2057,1,0.999932,1,True
SpectrogramTransformer,2058,1,0.999994,1,True
SpectrogramTransformer,2059,1,1.0,1,True
SpectrogramTransformer,2060,1,1.0,1,True
SpectrogramTransformer,2061,1,0.99994,1,True
SpectrogramTransformer,2062,1,0.999983,1,True
SpectrogramTransformer,2063,1,1.0,1,True
SpectrogramTransformer,2064,1,1.0,1,True
SpectrogramTransformer,2065,1,1.9e-05,0,False
SpectrogramTransformer,2066,1,0.999996,1,True
SpectrogramTransformer,2067,1,1.0,1,True
SpectrogramTransformer,2068,1,1.0,1,True
SpectrogramTransformer,2069,1,0.999999,1,True
SpectrogramTransformer,2070,1,0.999997,1,True
SpectrogramTransformer,2071,1,0.999999,1,True
SpectrogramTransformer,2072,1,1.0,1,True
SpectrogramTransformer,2073,1,0.999999,1,True
SpectrogramTransformer,2074,1,0.999377,1,True
SpectrogramTransformer,2075,1,1.0,1,True
SpectrogramTransformer,2076,1,1.0,1,True
SpectrogramTransformer,2077,1,0.999992,1,True
SpectrogramTransformer,2078,1,1.0,1,True
SpectrogramTransformer,2079,1,1.0,1,True
SpectrogramTransformer,2080,1,1.0,1,True
SpectrogramTransformer,2081,1,0.999992,1,True
SpectrogramTransformer,2082,1,1.0,1,True
SpectrogramTransformer,2083,1,0.999999,1,True
SpectrogramTransformer,2084,1,1.0,1,True
SpectrogramTransformer,2085,1,0.999999,1,True
SpectrogramTransformer,2086,1,1.0,1,True
SpectrogramTransformer,2087,1,1.0,1,True
SpectrogramTransformer,2088,1,0.999999,1,True
SpectrogramTransformer,2089,1,1.0,1,True
SpectrogramTransformer,2090,1,1.0,1,True
SpectrogramTransformer,2091,1,0.999999,1,True
SpectrogramTransformer,2092,1,1.0,1,True
SpectrogramTransformer,2093,1,1.0,1,True
SpectrogramTransformer,2094,1,0.999996,1,True
SpectrogramTransformer,2095,1,0.999999,1,True
SpectrogramTransformer,2096,1,0.999999,1,True
SpectrogramTransformer,2097,1,0.999995,1,True
SpectrogramTransformer,2098,1,1.0,1,True
SpectrogramTransformer,2099,1,1.0,1,True
SpectrogramTransformer,2100,1,1.0,1,True
SpectrogramTransformer,2101,1,1.0,1,True
SpectrogramTransformer,2102,1,1.0,1,True
SpectrogramTransformer,2103,1,1.0,1,True
SpectrogramTransformer,2104,1,1.0,1,True
SpectrogramTransformer,2105,1,1.0,1,True
SpectrogramTransformer,2106,1,0.999997,1,True
SpectrogramTransformer,2107,1,1.0,1,True
SpectrogramTransformer,2108,1,1.0,1,True
SpectrogramTransformer,2109,1,1.0,1,True
SpectrogramTransformer,2110,1,1.0,1,True
SpectrogramTransformer,2111,1,1.0,1,True
SpectrogramTransformer,2112,1,1.0,1,True
SpectrogramTransformer,2113,1,0.999996,1,True
SpectrogramTransformer,2114,1,1.0,1,True
SpectrogramTransformer,2115,1,1.0,1,True
SpectrogramTransformer,2116,1,1.0,1,True
SpectrogramTransformer,2117,1,1.0,1,True
SpectrogramTransformer,2118,1,0.999974,1,True
SpectrogramTransformer,2119,1,1.0,1,True
SpectrogramTransformer,2120,1,1.0,1,True
SpectrogramTransformer,2121,1,0.999989,1,True
SpectrogramTransformer,2122,1,0.999999,1,True
SpectrogramTransformer,2123,1,1.0,1,True
SpectrogramTransformer,2124,1,1.0,1,True
SpectrogramTransformer,2125,1,1.0,1,True
SpectrogramTransformer,2126,1,0.997824,1,True
SpectrogramTransformer,2127,1,0.999997,1,True
SpectrogramTransformer,2128,1,1.0,1,True
SpectrogramTransformer,2129,1,1.0,1,True
SpectrogramTransformer,2130,1,1.0,1,True
SpectrogramTransformer,2131,1,1.0,1,True
SpectrogramTransformer,2132,1,1.0,1,True
SpectrogramTransformer,2133,1,0.999988,1,True
SpectrogramTransformer,2134,1,0.999999,1,True
SpectrogramTransformer,2135,1,1.0,1,True
SpectrogramTransformer,2136,1,1.0,1,True
SpectrogramTransformer,2137,1,0.999999,1,True
SpectrogramTransformer,2138,1,0.999984,1,True
SpectrogramTransformer,2139,1,1.0,1,True
SpectrogramTransformer,2140,1,1.0,1,True
SpectrogramTransformer,2141,1,0.999999,1,True
SpectrogramTransformer,2142,1,0.999999,1,True
SpectrogramTransformer,2143,1,1.0,1,True
SpectrogramTransformer,2144,1,0.999995,1,True
SpectrogramTransformer,2145,1,1.0,1,True
SpectrogramTransformer,2146,1,1.0,1,True
SpectrogramTransformer,2147,1,1.0,1,True
SpectrogramTransformer,2148,1,1.0,1,True
SpectrogramTransformer,2149,1,1.0,1,True
SpectrogramTransformer,2150,1,0.999999,1,True
SpectrogramTransformer,2151,1,1.0,1,True
SpectrogramTransformer,2152,1,1.0,1,True
SpectrogramTransformer,2153,1,1.0,1,True
SpectrogramTransformer,2154,1,1.0,1,True
SpectrogramTransformer,2155,1,1.0,1,True
SpectrogramTransformer,2156,1,0.961813,1,True
SpectrogramTransformer,2157,1,0.999996,1,True
SpectrogramTransformer,2158,1,1.0,1,True
SpectrogramTransformer,2159,1,1.0,1,True
SpectrogramTransformer,2160,1,0.999999,1,True
SpectrogramTransformer,2161,1,1.0,1,True
SpectrogramTransformer,2162,1,1.0,1,True
SpectrogramTransformer,2163,1,1.0,1,True
SpectrogramTransformer,2164,1,1.0,1,True
SpectrogramTransformer,2165,1,1.0,1,True
SpectrogramTransformer,2166,1,1.0,1,True
SpectrogramTransformer,2167,1,1.0,1,True
SpectrogramTransformer,2168,1,1.0,1,True
SpectrogramTransformer,2169,1,1.0,1,True
SpectrogramTransformer,2170,1,1.0,1,True
SpectrogramTransformer,2171,1,1.0,1,True
SpectrogramTransformer,2172,1,1.0,1,True
SpectrogramTransformer,2173,1,1.0,1,True
SpectrogramTransformer,2174,1,1.0,1,True
SpectrogramTransformer,2175,1,1.0,1,True
SpectrogramTransformer,2176,1,1.0,1,True
SpectrogramTransformer,2177,1,1.0,1,True
SpectrogramTransformer,2178,1,1.0,1,True
SpectrogramTransformer,2179,1,1.0,1,True
SpectrogramTransformer,2180,1,1.0,1,True
SpectrogramTransformer,2181,1,1.0,1,True
SpectrogramTransformer,2182,1,1.0,1,True
SpectrogramTransformer,2183,1,1.0,1,True
SpectrogramTransformer,2184,1,1.0,1,True
SpectrogramTransformer,2185,1,1.0,1,True
SpectrogramTransformer,2186,1,1.0,1,True
SpectrogramTransformer,2187,1,1.0,1,True
SpectrogramTransformer,2188,1,1.0,1,True
SpectrogramTransformer,2189,1,1.0,1,True
SpectrogramTransformer,2190,1,0.774629,1,True
SpectrogramTransformer,2191,1,0.99148,1,True
SpectrogramTransformer,2192,1,0.999998,1,True
SpectrogramTransformer,2193,1,0.999999,1,True
SpectrogramTransformer,2194,1,1.0,1,True
SpectrogramTransformer,2195,1,1.0,1,True
SpectrogramTransformer,2196,1,1.0,1,True
SpectrogramTransformer,2197,1,0.999999,1,True
SpectrogramTransformer,2198,1,1.0,1,True
SpectrogramTransformer,2199,1,0.999492,1,True
SpectrogramTransformer,2200,1,1.0,1,True
SpectrogramTransformer,2201,1,1.0,1,True
SpectrogramTransformer,2202,1,1.0,1,True
SpectrogramTransformer,2203,1,1.0,1,True
SpectrogramTransformer,2204,1,0.999999,1,True
SpectrogramTransformer,2205,1,1.0,1,True
SpectrogramTransformer,2206,1,1.0,1,True
SpectrogramTransformer,2207,1,0.999647,1,True
SpectrogramTransformer,2208,1,1.0,1,True
SpectrogramTransformer,2209,1,0.999998,1,True
SpectrogramTransformer,2210,1,1.0,1,True
SpectrogramTransformer,2211,1,1.0,1,True
SpectrogramTransformer,2212,1,1.0,1,True
SpectrogramTransformer,2213,1,1.0,1,True
SpectrogramTransformer,2214,1,1.0,1,True
SpectrogramTransformer,2215,1,0.999999,1,True
SpectrogramTransformer,2216,1,1.0,1,True
SpectrogramTransformer,2217,1,1.0,1,True
SpectrogramTransformer,2218,1,1.0,1,True
SpectrogramTransformer,2219,1,0.999999,1,True
SpectrogramTransformer,2220,1,1.0,1,True
SpectrogramTransformer,2221,1,0.999996,1,True
SpectrogramTransformer,2222,1,0.999999,1,True
SpectrogramTransformer,2223,1,1.0,1,True
SpectrogramTransformer,2224,1,1.0,1,True
SpectrogramTransformer,2225,1,0.999346,1,True
SpectrogramTransformer,2226,1,0.999983,1,True
SpectrogramTransformer,2227,1,2e-06,0,False
SpectrogramTransformer,2228,1,1e-06,0,False
SpectrogramTransformer,2229,1,1.0,1,True
SpectrogramTransformer,2230,1,0.999954,1,True
SpectrogramTransformer,2231,1,0.999994,1,True
SpectrogramTransformer,2232,1,0.998243,1,True
SpectrogramTransformer,2233,1,2e-06,0,False
SpectrogramTransformer,2234,1,0.0,0,False
SpectrogramTransformer,2235,1,1.0,1,True
SpectrogramTransformer,2236,1,0.999882,1,True
SpectrogramTransformer,2237,1,1e-06,0,False
SpectrogramTransformer,2238,1,0.000129,0,False
SpectrogramTransformer,2239,1,0.338864,0,False
SpectrogramTransformer,2240,1,0.999928,1,True
SpectrogramTransformer,2241,1,7.8e-05,0,False
SpectrogramTransformer,2242,1,0.955531,1,True
SpectrogramTransformer,2243,1,0.990479,1,True
SpectrogramTransformer,2244,1,0.0,0,False
SpectrogramTransformer,2245,1,1e-06,0,False
SpectrogramTransformer,2246,1,0.0,0,False
SpectrogramTransformer,2247,1,0.980383,1,True
SpectrogramTransformer,2248,1,1.9e-05,0,False
SpectrogramTransformer,2249,1,0.999998,1,True
SpectrogramTransformer,2250,1,0.999997,1,True
SpectrogramTransformer,2251,1,0.999999,1,True
SpectrogramTransformer,2252,1,0.999995,1,True
SpectrogramTransformer,2253,1,0.0,0,False
SpectrogramTransformer,2254,1,1.0,1,True
SpectrogramTransformer,2255,1,0.999999,1,True
SpectrogramTransformer,2256,1,0.000101,0,False
SpectrogramTransformer,2257,1,2.2e-05,0,False
SpectrogramTransformer,2258,1,1.0,1,True
SpectrogramTransformer,2259,1,0.999989,1,True
SpectrogramTransformer,2260,1,1.4e-05,0,False
SpectrogramTransformer,2261,1,0.000111,0,False
SpectrogramTransformer,2262,1,0.0,0,False
SpectrogramTransformer,2263,1,0.999876,1,True
SpectrogramTransformer,2264,1,0.0,0,False
SpectrogramTransformer,2265,1,0.999954,1,True
SpectrogramTransformer,2266,1,1.0,1,True
SpectrogramTransformer,2267,1,0.999999,1,True
SpectrogramTransformer,2268,1,1.0,1,True
SpectrogramTransformer,2269,1,0.999989,1,True
SpectrogramTransformer,2270,1,1.0,1,True
SpectrogramTransformer,2271,1,0.999996,1,True
SpectrogramTransformer,2272,1,0.999999,1,True
SpectrogramTransformer,2273,1,0.999999,1,True
SpectrogramTransformer,2274,1,1.0,1,True
SpectrogramTransformer,2275,1,1.0,1,True
SpectrogramTransformer,2276,1,1.0,1,True
SpectrogramTransformer,2277,1,0.999999,1,True
SpectrogramTransformer,2278,1,0.999993,1,True
SpectrogramTransformer,2279,1,0.999999,1,True
SpectrogramTransformer,2280,1,0.999998,1,True
SpectrogramTransformer,2281,1,0.999999,1,True
SpectrogramTransformer,2282,1,1.0,1,True
SpectrogramTransformer,2283,1,1.0,1,True
SpectrogramTransformer,2284,1,1.0,1,True
SpectrogramTransformer,2285,1,1.0,1,True
SpectrogramTransformer,2286,1,1.0,1,True
SpectrogramTransformer,2287,1,1.0,1,True
SpectrogramTransformer,2288,1,1.0,1,True
SpectrogramTransformer,2289,1,0.999579,1,True
SpectrogramTransformer,2290,1,1.0,1,True
SpectrogramTransformer,2291,1,0.999999,1,True
SpectrogramTransformer,2292,1,0.999999,1,True
SpectrogramTransformer,2293,1,0.999999,1,True
SpectrogramTransformer,2294,1,0.999999,1,True
SpectrogramTransformer,2295,1,0.999999,1,True
SpectrogramTransformer,2296,1,0.999999,1,True
SpectrogramTransformer,2297,1,0.999999,1,True
SpectrogramTransformer,2298,1,1.0,1,True
SpectrogramTransformer,2299,1,0.999999,1,True
SpectrogramTransformer,2300,1,0.999625,1,True
SpectrogramTransformer,2301,1,0.999999,1,True
SpectrogramTransformer,2302,1,1.0,1,True
SpectrogramTransformer,2303,1,0.999999,1,True
SpectrogramTransformer,2304,1,0.999993,1,True
SpectrogramTransformer,2305,1,1.0,1,True
SpectrogramTransformer,2306,1,0.999997,1,True
SpectrogramTransformer,2307,1,1.0,1,True
SpectrogramTransformer,2308,1,0.999969,1,True
SpectrogramTransformer,2309,1,0.999991,1,True
SpectrogramTransformer,2310,1,0.999987,1,True
SpectrogramTransformer,2311,1,0.999999,1,True
SpectrogramTransformer,2312,1,1.0,1,True
SpectrogramTransformer,2313,1,1.0,1,True
SpectrogramTransformer,2314,1,1.0,1,True
SpectrogramTransformer,2315,1,0.999998,1,True
SpectrogramTransformer,2316,1,1.0,1,True
SpectrogramTransformer,2317,1,0.999998,1,True
SpectrogramTransformer,2318,1,0.999972,1,True
SpectrogramTransformer,2319,1,0.999673,1,True
SpectrogramTransformer,2320,1,1.0,1,True
SpectrogramTransformer,2321,1,0.999967,1,True
SpectrogramTransformer,2322,1,0.000177,0,False
SpectrogramTransformer,2323,1,0.999174,1,True
SpectrogramTransformer,2324,1,0.998414,1,True
SpectrogramTransformer,2325,1,0.999391,1,True
SpectrogramTransformer,2326,1,0.999998,1,True
SpectrogramTransformer,2327,1,0.999999,1,True
SpectrogramTransformer,2328,1,0.999999,1,True
SpectrogramTransformer,2329,1,0.999988,1,True
SpectrogramTransformer,2330,1,0.999996,1,True
SpectrogramTransformer,2331,1,0.998198,1,True
SpectrogramTransformer,2332,1,0.999999,1,True
SpectrogramTransformer,2333,1,0.999999,1,True
SpectrogramTransformer,2334,1,0.999998,1,True
SpectrogramTransformer,2335,1,0.99997,1,True
