feature,group,importance_mean,importance_std
desvio-padrão,Temporal,0.05552339604438008,0.005047634799245555
média,Temporal,0.028195851423058325,0.004880815065179456
LFCC20 (média),LFCC,0.015291847563916987,0.0035435345243042815
mínimo,Temporal,0.011963338157259957,0.0031581065708312338
máximo,Temporal,0.01013024602026044,0.004110257289752199
percentil 50,Temporal,0.007983598649300483,0.0030037418139019496
LFCC7 (média),LFCC,0.006319343945971982,0.001617274926603003
LFCC4 (média),LFCC,0.005065123010130197,0.0013342321935300857
MFCC4 (média),MFCC,0.004896285576459188,0.0019206559625295162
LFCC12 (média),LFCC,0.004823926676314475,0.002926338811018452
LFCC13 (média),LFCC,0.004438012542209309,0.002293775866467666
MFCC6 (média),MFCC,0.003786782440906851,0.001068094058151678
ΔΔLFCC4 (desvio),LFCC,0.0037144235407621353,0.00229377586646768
MFCC11 (média),MFCC,0.003690303907380554,0.0021655347781261588
LFCC5 (média),LFCC,0.0036179450072358565,0.0020636034381290376
ΔLFCC8 (desvio),LFCC,0.0033285094066569767,0.0023676586959590954
LFCC8 (desvio),LFCC,0.0032561505065122637,0.0017699604253697367
LFCC2 (desvio),LFCC,0.0032079112397491133,0.0016145748163221899
LFCC3 (média),LFCC,0.002821997105643944,0.0017056861754208602
LFCC19 (desvio),LFCC,0.0026531596719729378,0.002804523271345612
LFCC17 (média),LFCC,0.002580800771828218,0.0015141674978986464
RASTA-PLP1 (desvio),RASTA-PLP,0.0025325615050650896,0.0022322065897587753
RASTA-PLP8 (desvio),RASTA-PLP,0.0022672455378677865,0.0011323390829045454
ΔLFCC6 (desvio),LFCC,0.0020260492040520494,0.0012308104990036849
MFCC2 (média),MFCC,0.0018572117703810362,0.0009650867835862434
LFCC6 (média),LFCC,0.0018330921369994813,0.0014797743994383052
ΔΔLFCC3 (desvio),LFCC,0.0018089725036179005,0.0011013458810256666
ΔLFCC5 (desvio),LFCC,0.001760733236854754,0.0011002889269616193
LFCC9 (média),LFCC,0.0016883743367100339,0.0012155912366960174
LFCC5 (desvio),LFCC,0.0016160154365653138,0.0011315681722855692
LFCC2 (média),LFCC,0.0015677761698021672,0.0009357050044028476
ΔLFCC1 (média),LFCC,0.0015436565364205864,0.0008299397266804458
LFCC1 (desvio),LFCC,0.0013748191027495953,0.0014752463756269138
LFCC14 (média),LFCC,0.001374819102749588,0.0014633681921965799
ΔΔLFCC5 (desvio),LFCC,0.001374819102749584,0.001062633418809014
ΔΔLFCC8 (desvio),LFCC,0.001350699469368018,0.0018564285002309606
MFCC4 (desvio),MFCC,0.00132657983598643,0.000621987311057776
MFCC3 (média),MFCC,0.0012542209358417397,0.0012662233235317553
percentil 25,Temporal,0.0012542209358417284,0.0013972743230062832
MFCC10 (desvio),MFCC,0.0012301013024601478,0.0009369476410783863
ΔLFCC9 (desvio),LFCC,0.0012059816690785819,0.0010623596500504173
ΔLFCC3 (desvio),LFCC,0.001085383502170719,0.0010691828393295418
RASTA-PLP9 (desvio),RASTA-PLP,0.0010612638687891418,0.0011323390829045359
LFCC9 (desvio),LFCC,0.001061263868789138,0.0007642537152800147
RASTA-PLP10 (desvio),RASTA-PLP,0.0010130246020259952,0.001315791770090292
ΔΔLFCC7 (desvio),LFCC,0.0008924264351181469,0.0016145748163221927
LFCC16 (média),LFCC,0.0008924264351181395,0.0016572487589292624
ΔLFCC3 (média),LFCC,0.0008924264351181173,0.0005813782341145081
LFCC18 (desvio),LFCC,0.0008441871683550002,0.0009168633771706652
MFCC7 (desvio),MFCC,0.0008441871683549929,0.0007492631243130091
MFCC5 (média),MFCC,0.0008441871683549855,0.0008578591048614835
ΔΔLFCC15 (média),LFCC,0.0008441871683549818,0.0006219873110577565
ΔLFCC2 (média),LFCC,0.000844187168354978,0.0005932645381692461
ΔLFCC14 (desvio),LFCC,0.0008200675349734233,0.001479774399438291
ΔΔLFCC16 (desvio),LFCC,0.0008200675349734121,0.0007171282560211376
ΔΔLFCC13 (média),LFCC,0.0007959479015918425,0.0008218391238495162
RASTA-PLP6 (desvio),RASTA-PLP,0.0007959479015918388,0.0006826324987016182
MFCC9 (média),MFCC,0.0007718282682102766,0.001238349990640942
RASTA-PLP2 (média),RASTA-PLP,0.0007718282682102617,0.0005888352926065257
ΔLFCC13 (média),LFCC,0.0007718282682102544,0.0004919459250933564
RASTA-PLP4 (média),RASTA-PLP,0.0007477086348286958,0.0006049173277368057
ΔΔLFCC12 (desvio),LFCC,0.0007477086348286958,0.0008659586623741439
ΔΔLFCC19 (desvio),LFCC,0.0007235890014471336,0.001628745105271025
RASTA-PLP5 (desvio),RASTA-PLP,0.0006994693680655528,0.0008032236278507645
MFCC12 (média),MFCC,0.0006994693680655528,0.0018256188586749985
RASTA-PLP10 (média),RASTA-PLP,0.000699469368065538,0.0004757135292647195
ΔLFCC15 (média),LFCC,0.0006753497346839721,0.0006177640364141457
ΔΔLFCC11 (média),LFCC,0.0006753497346839647,0.0004149698633401902
ΔLFCC10 (média),LFCC,0.0006271104679208106,0.0002459729625466551
LFCC17 (desvio),LFCC,0.0005788712011576973,0.0007331733793328601
ΔLFCC7 (média),LFCC,0.0005788712011576973,0.0008842403656451014
ΔΔLFCC20 (média),LFCC,0.0005788712011576787,0.0004726463565427951
ΔLFCC9 (média),LFCC,0.0005547515677761202,0.0005178704909209496
ΔLFCC12 (média),LFCC,0.0005547515677761017,0.000306043838409261
ΔΔLFCC8 (média),LFCC,0.0005306319343945505,0.0005262282737402336
RASTA-PLP11 (desvio),RASTA-PLP,0.0005306319343945431,0.0011806308008220302
ΔLFCC11 (média),LFCC,0.0005065123010129698,0.000499573448557807
MFCC9 (desvio),MFCC,0.0005065123010129698,0.000955393261955526
ΔΔLFCC9 (desvio),LFCC,0.0004582730342498379,0.0008659586623741372
ΔLFCC16 (desvio),LFCC,0.00045827303424983055,0.0005441637324012485
RASTA-PLP2 (desvio),RASTA-PLP,0.0004341534008682609,0.0009452927130856278
LFCC18 (média),LFCC,0.00038591413410512534,0.001749962098139608
LFCC20 (desvio),LFCC,0.0003859141341051216,0.0006666799305877818
ΔΔLFCC1 (média),LFCC,0.0003859141341051142,0.0004473525564638176
ΔΔLFCC12 (média),LFCC,0.000361794500723552,0.0006671160967650168
MFCC3 (desvio),MFCC,0.0003617945007235409,0.0008911217174100693
RMS,Temporal,0.00033767486734197493,0.00036098961763371754
ΔΔLFCC15 (desvio),LFCC,0.00033767486734197493,0.0008299397266804059
ΔΔLFCC14 (média),LFCC,0.00033767486734197493,0.0005195528033896925
ΔΔLFCC9 (média),LFCC,0.00033767486734197124,0.000552123644103181
ΔLFCC2 (desvio),LFCC,0.00033767486734196755,0.0011476485531471477
ΔLFCC17 (desvio),LFCC,0.00033767486734195644,0.000829939726680407
ΔΔLFCC1 (desvio),LFCC,0.00028943560057882826,0.0006082740093062194
ΔLFCC4 (média),LFCC,0.00028943560057882826,0.0006631802742338151
ΔΔLFCC10 (média),LFCC,0.00026531596719726235,0.00047571352926470374
ΔLFCC14 (média),LFCC,0.0002653159671972586,0.0004374905245348654
ΔLFCC19 (desvio),LFCC,0.0002653159671972475,0.0021423068688650932
RASTA-PLP13 (desvio),RASTA-PLP,0.0002653159671972401,0.0012600055848151358
LFCC15 (média),LFCC,0.00024119633381569267,0.0009767707058039692
ΔLFCC16 (média),LFCC,0.00024119633381568898,0.0005059376981042378
LFCC6 (desvio),LFCC,0.00024119633381568527,0.0011717277184265316
ΔΔLFCC18 (desvio),LFCC,0.00021707670043411934,0.00042398446288580485
MFCC1 (desvio),MFCC,0.00021707670043411194,0.0016516226064418615
ΔLFCC4 (desvio),LFCC,0.0001929570670525423,0.0010049525642064337
RASTA-PLP1 (média),RASTA-PLP,0.00016883743367098006,0.0004829952820670425
RASTA-PLP13 (média),RASTA-PLP,0.00016883743367098006,0.0005505408688139305
LFCC16 (desvio),LFCC,0.00016883743367097266,0.0008699801638625694
RASTA-PLP12 (desvio),RASTA-PLP,0.00016883743367097266,0.0009830045283316222
RASTA-PLP3 (desvio),RASTA-PLP,0.00016883743367097266,0.0009092174059320019
MFCC11 (desvio),MFCC,0.00014471780028940301,0.0008842403656451059
ΔLFCC8 (média),LFCC,0.00014471780028939933,0.0006839096420046976
RASTA-PLP3 (média),RASTA-PLP,0.00014471780028939933,0.0006308102667931245
ΔLFCC19 (média),LFCC,0.00012059816690784449,0.0003280624821209399
ΔΔLFCC2 (média),LFCC,0.00012059816690783339,0.00046080494873472207
ΔΔLFCC18 (média),LFCC,9.647853352627856e-05,0.0002459729625466551
RASTA-PLP11 (média),RASTA-PLP,9.647853352627116e-05,0.00036098961763373434
ΔΔLFCC6 (média),LFCC,7.235890014469781e-05,0.00038966460254226886
ΔLFCC6 (média),LFCC,7.235890014469041e-05,0.0005398704603376362
RASTA-PLP9 (média),RASTA-PLP,7.235890014468301e-05,0.0007077376146223212
ΔΔLFCC20 (desvio),LFCC,7.235890014467931e-05,0.001094988853141926
RASTA-PLP7 (desvio),RASTA-PLP,7.235890014467931e-05,0.0007554490961584834
MFCC7 (média),MFCC,7.235890014466821e-05,0.0011108132117384798
LFCC12 (desvio),LFCC,7.235890014466821e-05,0.0018715654350763469
ΔΔLFCC6 (desvio),LFCC,4.8239266763098566e-05,0.002129642069912604
LFCC4 (desvio),LFCC,-2.4119633381610348e-05,0.001340539626781499
RASTA-PLP4 (desvio),RASTA-PLP,-4.823926676317998e-05,0.0007688074023400326
RASTA-PLP6 (média),RASTA-PLP,-7.235890014474222e-05,0.000539870460337644
MFCC6 (desvio),MFCC,-7.235890014474592e-05,0.0006565681422487159
RASTA-PLP5 (média),RASTA-PLP,-9.647853352630816e-05,0.00048479863102367
ΔΔLFCC3 (média),LFCC,-0.00012059816690786669,0.00026966569916785554
ΔΔLFCC16 (média),LFCC,-0.0001205981669078889,0.0007492631243130187
ΔLFCC17 (média),LFCC,-0.00014471780028945113,0.00043415340086829776
ΔΔLFCC19 (média),LFCC,-0.00014471780028947704,0.0008014108888488063
ΔΔLFCC7 (média),LFCC,-0.0001688374336710319,0.0008496823422001195
ΔLFCC12 (desvio),LFCC,-0.00016883743367104297,0.0011769293679455696
ΔLFCC11 (desvio),LFCC,-0.00016883743367106517,0.0016360509292920062
RASTA-PLP8 (média),RASTA-PLP,-0.0001929570670525941,0.00041496986334021
ΔLFCC1 (desvio),LFCC,-0.0001929570670526237,0.0011042472882064186
LFCC1 (média),LFCC,-0.00021707670043419707,0.0015080076249243263
LFCC13 (desvio),LFCC,-0.00021707670043420447,0.001841483067691881
ΔLFCC18 (média),LFCC,-0.00024119633381574818,0.0005059376981042573
MFCC1 (média),MFCC,-0.000241196333815763,0.0013254830356038705
ΔLFCC7 (desvio),LFCC,-0.0002411963338157704,0.001186529076338523
ΔΔLFCC17 (desvio),LFCC,-0.00026531596719731043,0.00039559140055129866
RASTA-PLP7 (média),RASTA-PLP,-0.00026531596719732154,0.000544163732401267
ΔΔLFCC5 (média),LFCC,-0.00026531596719733266,0.0008032236278507714
LFCC11 (média),LFCC,-0.00026531596719734003,0.0013534961742979444
ΔLFCC18 (desvio),LFCC,-0.000289435600578906,0.0007612027900655665
RASTA-PLP12 (média),RASTA-PLP,-0.00031355523396046453,0.000517870490920975
ΔLFCC13 (desvio),LFCC,-0.00033767486734205635,0.0017796301732461925
MFCC5 (desvio),MFCC,-0.0003617945007236038,0.0004071862763177579
ΔΔLFCC4 (média),LFCC,-0.0003617945007236112,0.0005526502285281958
MFCC13 (desvio),MFCC,-0.0003617945007236149,0.0006404205522118495
LFCC3 (desvio),LFCC,-0.00043415340086833863,0.0009076163879511184
ZCR,Temporal,-0.00045827303424990086,0.0006601028549640169
ΔLFCC15 (desvio),LFCC,-0.00048239266763148156,0.0008629302373371109
ΔLFCC5 (média),LFCC,-0.00048239266763148156,0.0006005740278817414
MFCC12 (desvio),MFCC,-0.0005065123010130438,0.0004633230273106243
ΔΔLFCC2 (desvio),LFCC,-0.0005065123010130623,0.0011076664257795518
ΔLFCC20 (média),LFCC,-0.0005306319343946135,0.00041496986334022624
ΔΔLFCC17 (média),LFCC,-0.0005306319343946209,0.0004919459250933667
LFCC15 (desvio),LFCC,-0.0006029908345393446,0.0008779679075350431
MFCC13 (média),MFCC,-0.0006029908345393594,0.002954532027325883
LFCC10 (média),LFCC,-0.000675349734684072,0.001022171736633727
LFCC14 (desvio),LFCC,-0.0006753497346840794,0.0020798901241977866
ΔLFCC20 (desvio),LFCC,-0.0006994693680656306,0.0006601028549640261
MFCC10 (média),MFCC,-0.0006994693680656453,0.001031519767503291
LFCC19 (média),LFCC,-0.0007235890014472298,0.0015962751671755317
ΔLFCC10 (desvio),LFCC,-0.000747708634828792,0.0013274566238125555
MFCC8 (desvio),MFCC,-0.000844187168355078,0.0012263119941038302
média |x|,Temporal,-0.0009165460684997943,0.0007688074023400575
ΔΔLFCC10 (desvio),LFCC,-0.0009165460684998054,0.0011354174911664162
ΔΔLFCC13 (desvio),LFCC,-0.0009647853352629594,0.0016535587555236526
LFCC10 (desvio),LFCC,-0.0010130246020260989,0.0014899609465972457
percentil 75,Temporal,-0.0010853835021708076,0.0012071870483591092
MFCC2 (desvio),MFCC,-0.0013748191027496766,0.0017056861754208394
LFCC7 (desvio),LFCC,-0.001374819102749684,0.0011867742016538878
ΔΔLFCC11 (desvio),LFCC,-0.0016642547033285566,0.001075692384031741
energia da diferença,Temporal,-0.001808972503617993,0.0012215588289532769
ΔΔLFCC14 (desvio),LFCC,-0.0021225277375784353,0.0017815904787862455
MFCC8 (média),MFCC,-0.00253256150506516,0.0017401274949761462
LFCC11 (desvio),LFCC,-0.003352629040038639,0.002314605275954353
LFCC8 (média),LFCC,-0.004872165943077719,0.0018299157490005494
